,Date,Open,High,Low,Close
0,2013-01-01,1.32036,1.32192,1.31977,1.32053
1,2013-01-02,1.32049,1.32992,1.31567,1.31888
2,2013-01-03,1.3188900000000001,1.3188900000000001,1.30246,1.30366
3,2013-01-04,1.3036400000000001,1.30884,1.29975,1.30677
4,2013-01-07,1.30779,1.31276,1.30165,1.3125200000000001
5,2013-01-08,1.31253,1.31388,1.30569,1.30802
6,2013-01-09,1.30804,1.30953,1.3036400000000001,1.3054000000000001
7,2013-01-10,1.30538,1.32789,1.30383,1.32668
8,2013-01-11,1.32669,1.33644,1.32481,1.33416
9,2013-01-14,1.33621,1.3403100000000001,1.33357,1.33765
10,2013-01-15,1.33762,1.3393,1.32664,1.32972
11,2013-01-16,1.32972,1.33242,1.32564,1.32901
12,2013-01-17,1.32905,1.33871,1.32696,1.33743
13,2013-01-18,1.33741,1.33979,1.32798,1.33195
14,2013-01-21,1.33107,1.33315,1.32991,1.3315299999999999
15,2013-01-22,1.33149,1.33711,1.32667,1.33213
16,2013-01-23,1.3321,1.33538,1.32642,1.33094
17,2013-01-24,1.33095,1.33922,1.32859,1.3378999999999999
18,2013-01-25,1.3378999999999999,1.34785,1.335,1.34629
19,2013-01-28,1.34598,1.34765,1.34244,1.34447
20,2013-01-29,1.34446,1.3496299999999999,1.3414,1.34867
21,2013-01-30,1.34866,1.35857,1.34816,1.35677
22,2013-01-31,1.35676,1.35931,1.35409,1.35869
23,2013-02-01,1.35864,1.37106,1.35828,1.36391
24,2013-02-04,1.3648799999999999,1.36532,1.34985,1.35026
25,2013-02-05,1.3502399999999999,1.35969,1.34578,1.35816
26,2013-02-06,1.35815,1.35953,1.34939,1.35175
27,2013-02-07,1.35174,1.35765,1.33705,1.3394300000000001
28,2013-02-08,1.33945,1.3428200000000001,1.33532,1.3361399999999999
29,2013-02-11,1.33682,1.34265,1.33562,1.34016
30,2013-02-12,1.34015,1.34751,1.3364,1.34518
31,2013-02-13,1.34519,1.35193,1.3426,1.34484
32,2013-02-14,1.34483,1.34546,1.33147,1.3357299999999999
33,2013-02-15,1.33572,1.33929,1.3306200000000001,1.33585
34,2013-02-18,1.33484,1.33782,1.33215,1.33515
35,2013-02-19,1.33518,1.33954,1.33294,1.33847
36,2013-02-20,1.33846,1.3431600000000001,1.32709,1.32874
37,2013-02-21,1.3287200000000001,1.32888,1.31612,1.31916
38,2013-02-22,1.31915,1.32443,1.31451,1.31907
39,2013-02-25,1.31904,1.33183,1.30487,1.3057400000000001
40,2013-02-26,1.30575,1.31209,1.3018,1.30645
41,2013-02-27,1.30646,1.3146499999999999,1.30415,1.31352
42,2013-02-28,1.31352,1.31605,1.30527,1.3066499999999999
43,2013-03-01,1.30664,1.31006,1.29664,1.3018
44,2013-03-04,1.30136,1.30304,1.29822,1.30241
45,2013-03-05,1.30252,1.30742,1.30122,1.30439
46,2013-03-06,1.30438,1.30698,1.29646,1.29765
47,2013-03-07,1.29769,1.31181,1.29731,1.31042
48,2013-03-08,1.31043,1.31341,1.2955,1.30042
49,2013-03-11,1.29892,1.30535,1.29793,1.30344
50,2013-03-12,1.30341,1.30742,1.29909,1.30277
51,2013-03-13,1.30277,1.30646,1.2922799999999999,1.29568
52,2013-03-14,1.29568,1.30311,1.2911000000000001,1.30124
53,2013-03-15,1.30124,1.3106900000000001,1.30023,1.30754
54,2013-03-18,1.29071,1.29954,1.28817,1.29425
55,2013-03-19,1.29423,1.29694,1.28438,1.28578
56,2013-03-20,1.28578,1.29776,1.28566,1.2933
57,2013-03-21,1.29331,1.29551,1.28799,1.2898
58,2013-03-22,1.2898100000000001,1.30095,1.2888,1.29867
59,2013-03-25,1.29724,1.3047900000000001,1.28296,1.28593
60,2013-03-26,1.28596,1.28895,1.28286,1.28633
61,2013-03-27,1.28632,1.28668,1.27509,1.27785
62,2013-03-28,1.27786,1.28443,1.2755,1.28144
63,2013-03-29,1.28144,1.28368,1.2793,1.28148
64,2013-04-01,1.28112,1.28677,1.2771,1.2843499999999999
65,2013-04-02,1.28431,1.28775,1.28086,1.28223
66,2013-04-03,1.28221,1.28639,1.27898,1.28427
67,2013-04-04,1.28427,1.29487,1.27454,1.2933
68,2013-04-05,1.2933,1.30397,1.29005,1.29915
69,2013-04-08,1.2993700000000001,1.30376,1.29683,1.3018399999999999
70,2013-04-09,1.3018399999999999,1.31029,1.30045,1.30812
71,2013-04-10,1.30811,1.3121399999999999,1.30521,1.30667
72,2013-04-11,1.30668,1.3138,1.30431,1.3106499999999999
73,2013-04-12,1.3106499999999999,1.31262,1.30366,1.31082
74,2013-04-15,1.31025,1.31094,1.3021,1.30466
75,2013-04-16,1.30466,1.32015,1.30275,1.3179
76,2013-04-17,1.3179,1.31995,1.30011,1.30355
77,2013-04-18,1.30355,1.30961,1.3020800000000001,1.30483
78,2013-04-19,1.30485,1.3128199999999999,1.3047,1.3051
79,2013-04-22,1.30691,1.3084,1.3014999999999999,1.30615
80,2013-04-23,1.30615,1.30831,1.2973,1.30006
81,2013-04-24,1.3001,1.3034,1.29547,1.30111
82,2013-04-25,1.30111,1.30933,1.29887,1.30088
83,2013-04-26,1.3009,1.30475,1.29905,1.30267
84,2013-04-29,1.30585,1.31163,1.30318,1.30929
85,2013-04-30,1.30929,1.3185799999999999,1.3054000000000001,1.31664
86,2013-05-01,1.31667,1.32427,1.31605,1.31836
87,2013-05-02,1.31842,1.32176,1.30376,1.30618
88,2013-05-03,1.3062,1.31582,1.30323,1.31131
89,2013-05-06,1.3117,1.31406,1.30534,1.30727
90,2013-05-07,1.30728,1.31315,1.30677,1.3078699999999999
91,2013-05-08,1.3078699999999999,1.31944,1.30715,1.316
92,2013-05-09,1.31592,1.31769,1.30098,1.30441
93,2013-05-10,1.30446,1.30506,1.2934999999999999,1.29853
94,2013-05-13,1.29756,1.29982,1.2941500000000001,1.2982
95,2013-05-14,1.29817,1.30293,1.29129,1.2931300000000001
96,2013-05-15,1.2931300000000001,1.29424,1.2843,1.28802
97,2013-05-16,1.28808,1.29297,1.28463,1.28829
98,2013-05-17,1.2883499999999999,1.28897,1.27962,1.28363
99,2013-05-20,1.28446,1.29006,1.28192,1.28839
100,2013-05-21,1.2884,1.29333,1.28413,1.29061
101,2013-05-22,1.29055,1.2998,1.28335,1.28529
102,2013-05-23,1.2852700000000001,1.2956400000000001,1.28214,1.29321
103,2013-05-24,1.29322,1.2993299999999999,1.29043,1.29278
104,2013-05-27,1.29363,1.29485,1.29152,1.29335
105,2013-05-28,1.29332,1.29496,1.2849300000000001,1.28522
106,2013-05-29,1.28522,1.29775,1.28378,1.29401
107,2013-05-30,1.29398,1.30614,1.29334,1.3044
108,2013-05-31,1.30458,1.30593,1.2944200000000001,1.29956
109,2013-06-03,1.29922,1.31074,1.29555,1.307
110,2013-06-04,1.3069899999999999,1.31012,1.30426,1.30823
111,2013-06-05,1.3082099999999999,1.3115700000000001,1.30532,1.30923
112,2013-06-06,1.30923,1.33045,1.30749,1.32453
113,2013-06-07,1.32452,1.32844,1.31915,1.32168
114,2013-06-10,1.31917,1.32687,1.31772,1.32566
115,2013-06-11,1.3256700000000001,1.33171,1.32322,1.33137
116,2013-06-12,1.33135,1.33589,1.32656,1.3336999999999999
117,2013-06-13,1.33369,1.33898,1.32786,1.33756
118,2013-06-14,1.33734,1.33734,1.32947,1.33445
119,2013-06-17,1.33487,1.33803,1.3318400000000001,1.3362
120,2013-06-18,1.33623,1.3415599999999999,1.33258,1.3394
121,2013-06-19,1.33941,1.34158,1.32621,1.32959
122,2013-06-20,1.32959,1.33015,1.31612,1.3227
123,2013-06-21,1.32268,1.32541,1.30988,1.31209
124,2013-06-24,1.31042,1.3143799999999999,1.30592,1.31232
125,2013-06-25,1.31232,1.31508,1.30651,1.3082099999999999
126,2013-06-26,1.30822,1.3087,1.29848,1.30067
127,2013-06-27,1.3011599999999999,1.30545,1.29999,1.30377
128,2013-06-28,1.30378,1.31022,1.29911,1.30078
129,2013-07-01,1.30144,1.307,1.3005200000000001,1.30614
130,2013-07-02,1.30614,1.3078,1.29636,1.29816
131,2013-07-03,1.2981500000000001,1.30314,1.2923,1.30084
132,2013-07-04,1.30084,1.30232,1.28831,1.2912
133,2013-07-05,1.29114,1.2916699999999999,1.28061,1.28291
134,2013-07-08,1.28204,1.28819,1.28117,1.2867899999999999
135,2013-07-09,1.2868,1.2898100000000001,1.27553,1.27863
136,2013-07-10,1.27862,1.30239,1.27647,1.3023500000000001
137,2013-07-11,1.30236,1.32066,1.3006,1.30957
138,2013-07-12,1.30958,1.3100100000000001,1.29992,1.30651
139,2013-07-15,1.30664,1.30788,1.29934,1.3066
140,2013-07-16,1.3066,1.31742,1.30524,1.3153299999999999
141,2013-07-17,1.31541,1.31781,1.30831,1.31228
142,2013-07-18,1.31228,1.3125499999999999,1.30668,1.31113
143,2013-07-19,1.31115,1.31539,1.30891,1.3140800000000001
144,2013-07-22,1.31366,1.32179,1.31358,1.31842
145,2013-07-23,1.31839,1.32386,1.31634,1.32232
146,2013-07-24,1.32233,1.3256000000000001,1.31772,1.31972
147,2013-07-25,1.31969,1.32956,1.3165499999999999,1.32759
148,2013-07-26,1.32758,1.32968,1.32526,1.32765
149,2013-07-29,1.32792,1.32949,1.32393,1.3262
150,2013-07-30,1.32622,1.33009,1.32346,1.32626
151,2013-07-31,1.32625,1.33446,1.3214000000000001,1.3296299999999999
152,2013-08-01,1.33022,1.33108,1.31943,1.32096
153,2013-08-02,1.32097,1.32937,1.31877,1.32798
154,2013-08-05,1.32813,1.33003,1.32327,1.32611
155,2013-08-06,1.32612,1.33229,1.3246,1.33073
156,2013-08-07,1.3308,1.33452,1.3265500000000001,1.33365
157,2013-08-08,1.33365,1.34002,1.33282,1.33814
158,2013-08-09,1.33809,1.33903,1.3332600000000001,1.3338700000000001
159,2013-08-12,1.33366,1.33439,1.32772,1.3299
160,2013-08-13,1.32991,1.33171,1.32335,1.3260100000000001
161,2013-08-14,1.32605,1.32795,1.32388,1.32577
162,2013-08-15,1.32575,1.33623,1.32058,1.33504
163,2013-08-16,1.33503,1.33798,1.33109,1.33279
164,2013-08-19,1.33354,1.33744,1.33152,1.33357
165,2013-08-20,1.33357,1.34518,1.33233,1.34176
166,2013-08-21,1.34178,1.34267,1.33355,1.33579
167,2013-08-22,1.3357700000000001,1.3373,1.3298,1.33559
168,2013-08-23,1.33557,1.34097,1.33334,1.33788
169,2013-08-26,1.33819,1.33942,1.33566,1.3370199999999999
170,2013-08-27,1.33701,1.33986,1.33232,1.33905
171,2013-08-28,1.33906,1.33976,1.3305,1.33404
172,2013-08-29,1.33404,1.3343099999999999,1.32195,1.32374
173,2013-08-30,1.32389,1.32546,1.3175,1.32195
174,2013-09-02,1.32122,1.3227,1.31837,1.3195700000000001
175,2013-09-03,1.31954,1.31969,1.31386,1.31661
176,2013-09-04,1.31667,1.32178,1.31571,1.32028
177,2013-09-05,1.32043,1.32226,1.31104,1.31177
178,2013-09-06,1.3118,1.3189,1.31047,1.31766
179,2013-09-09,1.31735,1.32806,1.31651,1.32531
180,2013-09-10,1.32534,1.32757,1.323,1.3265500000000001
181,2013-09-11,1.32654,1.33244,1.3243800000000001,1.33108
182,2013-09-12,1.3311,1.3324099999999999,1.32577,1.32998
183,2013-09-13,1.3300100000000001,1.3321100000000001,1.3254299999999999,1.32932
184,2013-09-16,1.33627,1.33854,1.333,1.33349
185,2013-09-17,1.3335,1.33693,1.33251,1.33578
186,2013-09-18,1.33578,1.35415,1.3338,1.3508200000000001
187,2013-09-19,1.35083,1.3568500000000001,1.35009,1.35291
188,2013-09-20,1.35286,1.35486,1.3498,1.35217
189,2013-09-23,1.35318,1.3544399999999999,1.34792,1.34927
190,2013-09-24,1.3493,1.35186,1.34643,1.34702
191,2013-09-25,1.3470900000000001,1.35372,1.34622,1.35219
192,2013-09-26,1.35222,1.3526,1.34722,1.3486500000000001
193,2013-09-27,1.3487,1.35642,1.34741,1.35216
194,2013-09-30,1.34819,1.35556,1.34775,1.35215
195,2013-10-01,1.35215,1.35876,1.35168,1.35241
196,2013-10-02,1.35241,1.36068,1.3506,1.35811
197,2013-10-03,1.35812,1.36455,1.35774,1.36215
198,2013-10-04,1.36219,1.36315,1.35384,1.35565
199,2013-10-07,1.35629,1.3590900000000001,1.35425,1.35766
200,2013-10-08,1.35767,1.3607,1.3557299999999999,1.35727
201,2013-10-09,1.3572899999999999,1.36044,1.34857,1.35232
202,2013-10-10,1.35232,1.35463,1.34877,1.35253
203,2013-10-11,1.35254,1.35813,1.35193,1.35372
204,2013-10-14,1.35569,1.35974,1.35453,1.35591
205,2013-10-15,1.35592,1.35708,1.34794,1.35256
206,2013-10-16,1.35254,1.35673,1.34734,1.35334
207,2013-10-17,1.35335,1.36816,1.35154,1.36723
208,2013-10-18,1.36723,1.37036,1.36594,1.36853
209,2013-10-21,1.36829,1.36884,1.36509,1.36768
210,2013-10-22,1.36769,1.37916,1.36622,1.37781
211,2013-10-23,1.3778000000000001,1.37927,1.37414,1.3775
212,2013-10-24,1.37751,1.38249,1.37647,1.37989
213,2013-10-25,1.37988,1.3832,1.3774199999999999,1.3801999999999999
214,2013-10-28,1.3808,1.38171,1.37748,1.37829
215,2013-10-29,1.37831,1.38129,1.37364,1.37465
216,2013-10-30,1.37465,1.3784100000000001,1.36961,1.3721700000000001
217,2013-10-31,1.37219,1.37384,1.3575,1.3588
218,2013-11-01,1.3587799999999999,1.35892,1.34799,1.3485800000000001
219,2013-11-04,1.3491,1.35244,1.34425,1.35121
220,2013-11-05,1.35121,1.35221,1.34489,1.34717
221,2013-11-06,1.34717,1.35472,1.3467500000000001,1.35149
222,2013-11-07,1.35151,1.35286,1.32959,1.34131
223,2013-11-08,1.34134,1.34376,1.33178,1.33644
224,2013-11-11,1.33574,1.34158,1.33445,1.3406500000000001
225,2013-11-12,1.3406500000000001,1.34558,1.33591,1.34345
226,2013-11-13,1.34344,1.34972,1.339,1.34816
227,2013-11-14,1.34816,1.3494,1.34182,1.34585
228,2013-11-15,1.34582,1.35046,1.3431899999999999,1.34943
229,2013-11-18,1.34917,1.3541699999999999,1.3474300000000001,1.35037
230,2013-11-19,1.35034,1.35469,1.34876,1.35354
231,2013-11-20,1.3535300000000001,1.3577,1.34152,1.3439
232,2013-11-21,1.34387,1.34862,1.33992,1.34753
233,2013-11-22,1.34753,1.35567,1.3462100000000001,1.35554
234,2013-11-25,1.3553600000000001,1.3559999999999999,1.3490199999999999,1.3522
235,2013-11-26,1.35217,1.35747,1.35193,1.35666
236,2013-11-27,1.35673,1.36128,1.35576,1.35776
237,2013-11-28,1.35776,1.36179,1.35635,1.36025
238,2013-11-29,1.36022,1.3621400000000001,1.35798,1.35901
239,2013-12-02,1.3587799999999999,1.36152,1.35259,1.35385
240,2013-12-03,1.3538999999999999,1.36134,1.35241,1.35885
241,2013-12-04,1.35889,1.36052,1.35282,1.35898
242,2013-12-05,1.35896,1.36771,1.35431,1.36722
243,2013-12-06,1.3672,1.37061,1.36195,1.37045
244,2013-12-09,1.37101,1.37452,1.36943,1.37351
245,2013-12-10,1.37354,1.37947,1.37341,1.37589
246,2013-12-11,1.37592,1.38105,1.37412,1.3786100000000001
247,2013-12-12,1.37862,1.3803,1.3737599999999999,1.37501
248,2013-12-13,1.3749799999999999,1.37689,1.37093,1.3737599999999999
249,2013-12-16,1.3737,1.37984,1.37361,1.37582
250,2013-12-17,1.37583,1.3782,1.3723,1.37711
251,2013-12-18,1.3771200000000001,1.38111,1.36727,1.3675
252,2013-12-19,1.3675,1.36938,1.3649200000000001,1.3654899999999999
253,2013-12-20,1.36548,1.3709,1.3625099999999999,1.367
254,2013-12-23,1.36723,1.37164,1.36714,1.36957
255,2013-12-24,1.3695300000000001,1.36987,1.36547,1.36794
256,2013-12-26,1.3685399999999999,1.37018,1.3679700000000001,1.36889
257,2013-12-27,1.3688500000000001,1.3893,1.36881,1.37462
258,2013-12-30,1.37586,1.38189,1.3728500000000001,1.37937
259,2013-12-31,1.37938,1.38123,1.37596,1.37876
260,2014-01-01,1.3755,1.37648,1.37372,1.3758
261,2014-01-02,1.37581,1.3774899999999999,1.36294,1.36643
262,2014-01-03,1.36643,1.36716,1.35821,1.35874
263,2014-01-06,1.35955,1.36528,1.35712,1.36334
264,2014-01-07,1.36334,1.36562,1.3596599999999999,1.36138
265,2014-01-08,1.36142,1.36349,1.35533,1.3574899999999999
266,2014-01-09,1.35746,1.36328,1.35484,1.36017
267,2014-01-10,1.36016,1.36871,1.35721,1.36665
268,2014-01-13,1.36662,1.36846,1.3637299999999999,1.3668
269,2014-01-14,1.3668,1.36992,1.3649,1.36722
270,2014-01-15,1.36728,1.3676,1.35812,1.36042
271,2014-01-16,1.36043,1.3649200000000001,1.3583,1.36162
272,2014-01-17,1.36163,1.36208,1.35168,1.35405
273,2014-01-20,1.35325,1.35677,1.35074,1.35557
274,2014-01-21,1.35557,1.35687,1.35162,1.35591
275,2014-01-22,1.35588,1.35832,1.35344,1.35447
276,2014-01-23,1.3545099999999999,1.36981,1.35303,1.36931
277,2014-01-24,1.3693,1.37393,1.36627,1.36752
278,2014-01-27,1.3679999999999999,1.3716300000000001,1.36529,1.36728
279,2014-01-28,1.3673,1.36882,1.3629,1.36517
280,2014-01-29,1.3651900000000001,1.36845,1.36029,1.36608
281,2014-01-30,1.36609,1.36642,1.35434,1.35565
282,2014-01-31,1.35567,1.35733,1.3479,1.34849
283,2014-02-03,1.34855,1.3535300000000001,1.3477000000000001,1.3525800000000001
284,2014-02-04,1.3526,1.35384,1.34934,1.3514300000000001
285,2014-02-05,1.35147,1.35552,1.34986,1.35361
286,2014-02-06,1.35361,1.36188,1.3484099999999999,1.35898
287,2014-02-07,1.35898,1.36425,1.35516,1.36342
288,2014-02-10,1.36232,1.36513,1.36179,1.36442
289,2014-02-11,1.36441,1.3682699999999999,1.36291,1.36372
290,2014-02-12,1.36375,1.36525,1.3562,1.35948
291,2014-02-13,1.35952,1.36916,1.35852,1.36787
292,2014-02-14,1.36785,1.37145,1.36735,1.36918
293,2014-02-17,1.3700700000000001,1.3724,1.3691900000000001,1.37047
294,2014-02-18,1.37047,1.37696,1.36943,1.37604
295,2014-02-19,1.37601,1.3773,1.37242,1.37321
296,2014-02-20,1.3732199999999999,1.37623,1.36857,1.37202
297,2014-02-21,1.37208,1.37583,1.37018,1.3738000000000001
298,2014-02-24,1.37382,1.3771,1.37081,1.37336
299,2014-02-25,1.37337,1.37668,1.37152,1.37447
300,2014-02-26,1.37449,1.37569,1.3661400000000001,1.3683100000000001
301,2014-02-27,1.3683100000000001,1.37266,1.3643,1.3708
302,2014-02-28,1.37081,1.3824100000000001,1.3694,1.38016
303,2014-03-03,1.37856,1.37924,1.3726,1.37361
304,2014-03-04,1.37362,1.37812,1.37206,1.37395
305,2014-03-05,1.37396,1.37491,1.37072,1.37361
306,2014-03-06,1.37361,1.38723,1.3721,1.38596
307,2014-03-07,1.38599,1.39146,1.38522,1.38746
308,2014-03-10,1.38761,1.3897599999999999,1.38614,1.38769
309,2014-03-11,1.38767,1.38784,1.38335,1.38545
310,2014-03-12,1.38545,1.39142,1.38432,1.39018
311,2014-03-13,1.39018,1.39666,1.3845399999999999,1.38676
312,2014-03-14,1.38676,1.39374,1.38473,1.39134
313,2014-03-17,1.39062,1.39474,1.38788,1.39252
314,2014-03-18,1.3925100000000001,1.3942700000000001,1.38797,1.39304
315,2014-03-19,1.39304,1.39329,1.38095,1.38223
316,2014-03-20,1.38226,1.38448,1.3749,1.37782
317,2014-03-21,1.37781,1.38106,1.3765399999999999,1.37933
318,2014-03-24,1.37914,1.38757,1.37601,1.3838
319,2014-03-25,1.38381,1.3847,1.3749,1.3825
320,2014-03-26,1.38249,1.38263,1.37762,1.3783
321,2014-03-27,1.3783400000000001,1.37967,1.37283,1.3743699999999999
322,2014-03-28,1.37436,1.37729,1.37047,1.37513
323,2014-03-31,1.37531,1.3808500000000001,1.37215,1.37735
324,2014-04-01,1.37734,1.38152,1.3769,1.3793199999999999
325,2014-04-02,1.37931,1.38201,1.3753,1.3765100000000001
326,2014-04-03,1.37653,1.38066,1.3698000000000001,1.37168
327,2014-04-04,1.37169,1.3731200000000001,1.36725,1.3701400000000001
328,2014-04-07,1.37008,1.37483,1.3696,1.37412
329,2014-04-08,1.37413,1.38116,1.37371,1.37946
330,2014-04-09,1.37955,1.3862,1.37799,1.38536
331,2014-04-10,1.38534,1.38988,1.38357,1.38868
332,2014-04-11,1.38868,1.3905699999999999,1.38632,1.3884400000000001
333,2014-04-14,1.3857300000000001,1.3862700000000001,1.3808,1.38181
334,2014-04-15,1.38185,1.3833199999999999,1.37899,1.38133
335,2014-04-16,1.38133,1.38507,1.38035,1.3816
336,2014-04-17,1.3816,1.38645,1.38109,1.38131
337,2014-04-18,1.3813,1.38222,1.38068,1.38068
338,2014-04-21,1.38164,1.3830200000000001,1.37869,1.37944
339,2014-04-22,1.37945,1.38247,1.37849,1.38053
340,2014-04-23,1.38052,1.38545,1.38001,1.3816
341,2014-04-24,1.38158,1.38432,1.37912,1.38312
342,2014-04-25,1.38314,1.3848099999999999,1.38267,1.3833
343,2014-04-28,1.38394,1.38792,1.38145,1.38497
344,2014-04-29,1.38497,1.38788,1.3805399999999999,1.38116
345,2014-04-30,1.38118,1.38764,1.3774899999999999,1.38653
346,2014-05-01,1.38656,1.38889,1.38626,1.3867
347,2014-05-02,1.3867099999999999,1.38811,1.3812,1.38689
348,2014-05-05,1.38724,1.38858,1.38643,1.3874
349,2014-05-06,1.38743,1.39511,1.38719,1.3924699999999999
350,2014-05-07,1.39248,1.39384,1.39097,1.39109
351,2014-05-08,1.39109,1.39932,1.38328,1.38392
352,2014-05-09,1.3839299999999999,1.38441,1.37453,1.37577
353,2014-05-12,1.37569,1.37747,1.37492,1.37582
354,2014-05-13,1.37582,1.37713,1.36889,1.3703400000000001
355,2014-05-14,1.37035,1.37304,1.36978,1.37142
356,2014-05-15,1.3713899999999999,1.3732199999999999,1.36484,1.37101
357,2014-05-16,1.37101,1.37267,1.3685100000000001,1.36933
358,2014-05-19,1.36978,1.37337,1.36951,1.37085
359,2014-05-20,1.37086,1.37133,1.3678,1.36989
360,2014-05-21,1.36991,1.37229,1.36353,1.36856
361,2014-05-22,1.36856,1.36871,1.3645100000000001,1.36561
362,2014-05-23,1.36557,1.36563,1.36155,1.3628
363,2014-05-26,1.36246,1.3654,1.3615300000000001,1.36438
364,2014-05-27,1.36439,1.36681,1.36123,1.36334
365,2014-05-28,1.3633600000000001,1.3637299999999999,1.3588,1.35921
366,2014-05-29,1.3592,1.36253,1.35858,1.36017
367,2014-05-30,1.36019,1.36498,1.3598,1.3633899999999999
368,2014-06-02,1.36304,1.36359,1.35879,1.35979
369,2014-06-03,1.35979,1.36475,1.35867,1.3627099999999999
370,2014-06-04,1.3626800000000001,1.36389,1.35962,1.36001
371,2014-06-05,1.3599700000000001,1.36693,1.35028,1.36628
372,2014-06-06,1.36629,1.36769,1.36208,1.36423
373,2014-06-09,1.3645800000000001,1.36685,1.35823,1.35923
374,2014-06-10,1.35925,1.36017,1.35333,1.35445
375,2014-06-11,1.35445,1.35569,1.35215,1.35337
376,2014-06-12,1.35339,1.35714,1.35121,1.35489
377,2014-06-13,1.3549,1.3578700000000001,1.3520699999999999,1.35379
378,2014-06-16,1.35373,1.35792,1.35129,1.3572199999999999
379,2014-06-17,1.3571900000000001,1.35869,1.3536000000000001,1.35462
380,2014-06-18,1.3546,1.35992,1.35416,1.3587500000000001
381,2014-06-19,1.3587500000000001,1.36433,1.35838,1.3606
382,2014-06-20,1.36063,1.36338,1.35642,1.35995
383,2014-06-23,1.35949,1.36133,1.35738,1.36035
384,2014-06-24,1.36037,1.36274,1.35832,1.36028
385,2014-06-25,1.36028,1.3651,1.36003,1.36306
386,2014-06-26,1.36306,1.36411,1.35757,1.3612
387,2014-06-27,1.36124,1.36502,1.36098,1.3648799999999999
388,2014-06-30,1.3645,1.36969,1.36402,1.36927
389,2014-07-02,1.36786,1.3682,1.36422,1.36567
390,2014-07-03,1.36568,1.36639,1.35962,1.3608799999999999
391,2014-07-04,1.36087,1.3611,1.3585099999999999,1.35944
392,2014-07-07,1.35935,1.36089,1.35758,1.36056
393,2014-07-08,1.36055,1.36172,1.35881,1.36117
394,2014-07-09,1.36116,1.36473,1.36021,1.36404
395,2014-07-10,1.36403,1.36506,1.35891,1.36063
396,2014-07-11,1.36064,1.3624399999999999,1.35916,1.36032
397,2014-07-14,1.36055,1.36401,1.3597299999999999,1.3620700000000001
398,2014-07-15,1.36206,1.36277,1.35619,1.35679
399,2014-07-16,1.35679,1.35714,1.35206,1.35251
400,2014-07-17,1.35249,1.35399,1.35163,1.3525800000000001
401,2014-07-18,1.3525800000000001,1.35358,1.34908,1.35203
402,2014-07-21,1.3526799999999999,1.35484,1.35123,1.35221
403,2014-07-22,1.35221,1.3529,1.34584,1.34659
404,2014-07-23,1.34659,1.34737,1.34545,1.34622
405,2014-07-24,1.34622,1.34846,1.34378,1.34622
406,2014-07-25,1.34622,1.34752,1.3421,1.34288
407,2014-07-28,1.34305,1.34436,1.34265,1.34393
408,2014-07-29,1.34393,1.3444099999999999,1.34039,1.34087
409,2014-07-30,1.34088,1.34149,1.3366500000000001,1.33945
410,2014-07-31,1.33945,1.3400400000000001,1.3371,1.33877
411,2014-08-01,1.33872,1.34446,1.33781,1.34264
412,2014-08-04,1.34271,1.34308,1.34091,1.34218
413,2014-08-05,1.3421699999999999,1.34244,1.3357999999999999,1.33712
414,2014-08-06,1.33712,1.33875,1.33327,1.33838
415,2014-08-07,1.33836,1.33933,1.3336700000000001,1.3361399999999999
416,2014-08-08,1.33613,1.34323,1.33432,1.34094
417,2014-08-11,1.34061,1.34082,1.33801,1.33843
418,2014-08-12,1.33843,1.33857,1.33356,1.3367
419,2014-08-13,1.33674,1.34148,1.33419,1.3363
420,2014-08-14,1.3363,1.34074,1.33479,1.33637
421,2014-08-15,1.33637,1.34114,1.33583,1.33975
422,2014-08-18,1.33913,1.33988,1.33526,1.3361100000000001
423,2014-08-19,1.3361100000000001,1.33627,1.33129,1.33174
424,2014-08-20,1.33174,1.3324,1.3255,1.32576
425,2014-08-21,1.32575,1.32881,1.32417,1.32819
426,2014-08-22,1.32817,1.3296299999999999,1.3220399999999999,1.32381
427,2014-08-25,1.31914,1.321,1.31834,1.31903
428,2014-08-26,1.31904,1.32144,1.31644,1.3168199999999999
429,2014-08-27,1.31681,1.32094,1.3152300000000001,1.31935
430,2014-08-28,1.31934,1.3220399999999999,1.31596,1.3183799999999999
431,2014-08-29,1.31837,1.3195999999999999,1.31323,1.31323
432,2014-09-01,1.31292,1.31451,1.31188,1.31273
433,2014-09-02,1.31271,1.31365,1.31098,1.31326
434,2014-09-03,1.31323,1.316,1.31219,1.31487
435,2014-09-04,1.31488,1.3154,1.2920099999999999,1.2935699999999999
436,2014-09-05,1.2935699999999999,1.29883,1.29221,1.2951
437,2014-09-08,1.29531,1.2959,1.28811,1.29001
438,2014-09-09,1.29,1.29574,1.28594,1.29404
439,2014-09-10,1.29403,1.2962799999999999,1.28833,1.29157
440,2014-09-11,1.29157,1.29516,1.28966,1.29233
441,2014-09-12,1.29231,1.29791,1.29089,1.29643
442,2014-09-15,1.29679,1.29694,1.29088,1.29409
443,2014-09-16,1.2940800000000001,1.29951,1.29223,1.29574
444,2014-09-17,1.29575,1.29814,1.28355,1.28449
445,2014-09-18,1.28456,1.29303,1.2834699999999999,1.2916
446,2014-09-19,1.2916,1.2928899999999999,1.28275,1.28284
447,2014-09-22,1.28267,1.2867899999999999,1.28164,1.28464
448,2014-09-23,1.28463,1.29012,1.28427,1.2848600000000001
449,2014-09-24,1.28485,1.28637,1.27742,1.2778
450,2014-09-25,1.2778100000000001,1.27834,1.26968,1.27515
451,2014-09-26,1.27515,1.27607,1.26769,1.26825
452,2014-09-29,1.2681200000000001,1.27149,1.26638,1.26887
453,2014-09-30,1.26889,1.27024,1.25712,1.26307
454,2014-10-01,1.26306,1.26397,1.25837,1.26185
455,2014-10-02,1.26183,1.2698800000000001,1.26138,1.26696
456,2014-10-03,1.267,1.26719,1.25006,1.25145
457,2014-10-06,1.25132,1.2675,1.25089,1.2653400000000001
458,2014-10-07,1.26536,1.2682,1.25836,1.26646
459,2014-10-08,1.2664900000000001,1.27489,1.26228,1.27304
460,2014-10-09,1.2730299999999999,1.27914,1.26638,1.26895
461,2014-10-10,1.26895,1.27161,1.26056,1.26272
462,2014-10-13,1.26273,1.27681,1.26273,1.27412
463,2014-10-14,1.27412,1.27489,1.264,1.2658
464,2014-10-15,1.2658,1.28868,1.26248,1.28156
465,2014-10-16,1.28173,1.2845,1.2705899999999999,1.2804
466,2014-10-17,1.28036,1.28368,1.27435,1.27591
467,2014-10-20,1.27552,1.28164,1.27308,1.27942
468,2014-10-21,1.27941,1.28397,1.27107,1.27112
469,2014-10-22,1.2711299999999999,1.2739099999999999,1.26367,1.26441
470,2014-10-23,1.26444,1.26762,1.2613400000000001,1.26447
471,2014-10-24,1.26447,1.26953,1.2634400000000001,1.26681
472,2014-10-27,1.2675100000000001,1.27231,1.26653,1.26947
473,2014-10-28,1.26947,1.27644,1.26848,1.27355
474,2014-10-29,1.27355,1.27701,1.26261,1.26377
475,2014-10-30,1.26376,1.26388,1.25469,1.26047
476,2014-10-31,1.26047,1.26135,1.24851,1.25231
477,2014-11-03,1.25085,1.2511,1.2438500000000001,1.24903
478,2014-11-04,1.24901,1.25772,1.2487,1.25521
479,2014-11-05,1.2551999999999999,1.25665,1.2456800000000001,1.24746
480,2014-11-06,1.24746,1.25328,1.23645,1.23786
481,2014-11-07,1.23785,1.24683,1.23571,1.24535
482,2014-11-10,1.24637,1.2509000000000001,1.2418,1.24235
483,2014-11-11,1.24234,1.24988,1.23939,1.24728
484,2014-11-12,1.24729,1.24974,1.24187,1.24279
485,2014-11-13,1.24281,1.24917,1.24259,1.24747
486,2014-11-14,1.24744,1.25462,1.23988,1.2521499999999999
487,2014-11-17,1.25204,1.2577099999999999,1.2444,1.24491
488,2014-11-18,1.24492,1.25449,1.24432,1.25311
489,2014-11-19,1.25309,1.25991,1.25116,1.25446
490,2014-11-20,1.25446,1.25746,1.2504,1.25413
491,2014-11-21,1.25412,1.25675,1.23747,1.23892
492,2014-11-24,1.23623,1.24444,1.23623,1.2441
493,2014-11-25,1.24407,1.24865,1.24015,1.24736
494,2014-11-26,1.24734,1.2530999999999999,1.24429,1.25044
495,2014-11-27,1.25047,1.25233,1.24643,1.24664
496,2014-11-28,1.24657,1.24897,1.24259,1.24498
497,2014-12-01,1.24613,1.25062,1.24189,1.24682
498,2014-12-02,1.24685,1.24757,1.23765,1.23818
499,2014-12-03,1.23806,1.23904,1.23008,1.23092
500,2014-12-04,1.23103,1.24561,1.22794,1.23787
501,2014-12-05,1.23767,1.23925,1.2270699999999999,1.22844
502,2014-12-08,1.22828,1.23435,1.22472,1.23162
503,2014-12-09,1.23061,1.24476,1.2292,1.23736
504,2014-12-10,1.23737,1.24481,1.2361900000000001,1.24467
505,2014-12-11,1.24435,1.24949,1.237,1.2408
506,2014-12-12,1.24112,1.2485,1.23842,1.246
507,2014-12-15,1.24731,1.24785,1.2414399999999999,1.24345
508,2014-12-16,1.2435100000000001,1.25696,1.24334,1.25102
509,2014-12-17,1.25079,1.2515399999999999,1.23204,1.23406
510,2014-12-18,1.23405,1.23527,1.22656,1.22856
511,2014-12-19,1.22849,1.23019,1.222,1.22224
512,2014-12-22,1.2223,1.22723,1.22164,1.22285
513,2014-12-23,1.22285,1.22454,1.21644,1.21721
514,2014-12-24,1.21721,1.22199,1.21693,1.21891
515,2014-12-26,1.22085,1.22108,1.21684,1.21773
516,2014-12-29,1.21807,1.2220900000000001,1.2143,1.215
517,2014-12-30,1.215,1.21873,1.21237,1.21546
518,2014-12-31,1.21525,1.21695,1.20973,1.20995
519,2015-01-02,1.20538,1.2069,1.19997,1.20014
520,2015-01-05,1.19454,1.19757,1.18642,1.19317
521,2015-01-06,1.19318,1.19682,1.18836,1.18887
522,2015-01-07,1.18889,1.18956,1.18014,1.18386
523,2015-01-08,1.18386,1.1846700000000001,1.17536,1.17899
524,2015-01-09,1.17901,1.1844999999999999,1.1762299999999999,1.18402
525,2015-01-12,1.18481,1.18702,1.17856,1.18325
526,2015-01-13,1.18324,1.18589,1.17529,1.17718
527,2015-01-14,1.17712,1.18451,1.17267,1.17881
528,2015-01-15,1.17882,1.17921,1.15673,1.1629800000000001
529,2015-01-16,1.16305,1.16479,1.14594,1.1565
530,2015-01-19,1.15524,1.16381,1.15512,1.1606
531,2015-01-20,1.1605,1.16138,1.15397,1.15479
532,2015-01-21,1.1548,1.1679,1.15406,1.16087
533,2015-01-22,1.16088,1.16485,1.13156,1.13642
534,2015-01-23,1.1363,1.13731,1.11145,1.12032
535,2015-01-26,1.11492,1.12945,1.1097,1.1237300000000001
536,2015-01-27,1.12377,1.14221,1.1223,1.13803
537,2015-01-28,1.13803,1.13828,1.12757,1.12865
538,2015-01-29,1.12867,1.1367,1.12612,1.13185
539,2015-01-30,1.13154,1.13628,1.1277,1.1284399999999999
540,2015-02-02,1.1311499999999999,1.13616,1.12918,1.13413
541,2015-02-03,1.13399,1.15332,1.13122,1.14781
542,2015-02-04,1.14779,1.14842,1.13155,1.13433
543,2015-02-05,1.13428,1.14983,1.13035,1.14763
544,2015-02-06,1.1476,1.1485,1.1309,1.13102
545,2015-02-09,1.12952,1.13586,1.12698,1.1323400000000001
546,2015-02-10,1.13233,1.13448,1.12726,1.13197
547,2015-02-11,1.1320000000000001,1.13466,1.12794,1.13351
548,2015-02-12,1.13348,1.14224,1.13016,1.14022
549,2015-02-13,1.1402,1.14421,1.13792,1.13919
550,2015-02-16,1.13994,1.14285,1.13191,1.13528
551,2015-02-17,1.13533,1.14478,1.13217,1.141
552,2015-02-18,1.14097,1.14152,1.13335,1.13962
553,2015-02-19,1.1396,1.14496,1.1355,1.13674
554,2015-02-20,1.13675,1.14231,1.12788,1.13785
555,2015-02-23,1.1394,1.13952,1.12947,1.1334
556,2015-02-24,1.13335,1.13577,1.129,1.13397
557,2015-02-25,1.13395,1.1388,1.13353,1.13606
558,2015-02-26,1.13593,1.13791,1.11834,1.11975
559,2015-02-27,1.11975,1.12446,1.11758,1.11957
560,2015-03-02,1.11805,1.12402,1.11597,1.11824
561,2015-03-03,1.11835,1.12171,1.11545,1.11752
562,2015-03-04,1.11742,1.11852,1.10615,1.10767
563,2015-03-05,1.10772,1.11118,1.09879,1.10291
564,2015-03-06,1.10284,1.10322,1.0838700000000001,1.08433
565,2015-03-09,1.08296,1.09061,1.08227,1.08518
566,2015-03-10,1.08509,1.08547,1.06676,1.06785
567,2015-03-11,1.06791,1.07163,1.05108,1.05444
568,2015-03-12,1.05457,1.06833,1.04943,1.06241
569,2015-03-13,1.06238,1.06343,1.04619,1.0491
570,2015-03-16,1.04855,1.06193,1.04791,1.05669
571,2015-03-17,1.05664,1.06505,1.0551,1.05972
572,2015-03-18,1.05961,1.10415,1.05797,1.08284
573,2015-03-19,1.08291,1.09191,1.06125,1.06561
574,2015-03-20,1.06562,1.08813,1.0655000000000001,1.08189
575,2015-03-23,1.08667,1.09707,1.07667,1.0944099999999999
576,2015-03-24,1.09457,1.10286,1.08897,1.09176
577,2015-03-25,1.09184,1.10139,1.09002,1.09708
578,2015-03-26,1.09711,1.10515,1.08555,1.0874
579,2015-03-27,1.08743,1.09473,1.08007,1.08841
580,2015-03-30,1.08841,1.08913,1.08095,1.0832
581,2015-03-31,1.08317,1.08447,1.07123,1.07308
582,2015-04-01,1.07331,1.07992,1.0718,1.07624
583,2015-04-02,1.07622,1.09048,1.07497,1.08792
584,2015-04-03,1.08793,1.10261,1.08632,1.09679
585,2015-04-06,1.10007,1.10348,1.0909,1.09213
586,2015-04-07,1.09211,1.0954,1.08029,1.08137
587,2015-04-08,1.08137,1.0887,1.07627,1.07795
588,2015-04-09,1.07796,1.07884,1.06372,1.06584
589,2015-04-10,1.06585,1.06833,1.05674,1.0603
590,2015-04-13,1.0603,1.0619,1.05202,1.05659
591,2015-04-14,1.05658,1.07043,1.05311,1.06539
592,2015-04-15,1.06534,1.07015,1.05705,1.06869
593,2015-04-16,1.06869,1.08172,1.06246,1.07592
594,2015-04-17,1.07592,1.08481,1.07343,1.08089
595,2015-04-20,1.08089,1.08195,1.0712,1.07379
596,2015-04-21,1.07379,1.07808,1.0659399999999999,1.07333
597,2015-04-22,1.07333,1.08004,1.07079,1.07253
598,2015-04-23,1.07253,1.08458,1.0665499999999999,1.08245
599,2015-04-24,1.08245,1.08996,1.07842,1.087
600,2015-04-27,1.08627,1.09263,1.08191,1.08869
601,2015-04-28,1.08897,1.09905,1.08595,1.09788
602,2015-04-29,1.09767,1.11875,1.09591,1.11265
603,2015-04-30,1.11277,1.12659,1.10708,1.12222
604,2015-05-01,1.12188,1.12896,1.11742,1.11967
605,2015-05-04,1.11922,1.12238,1.11224,1.11469
606,2015-05-05,1.11444,1.12203,1.10662,1.11849
607,2015-05-06,1.1185100000000001,1.13693,1.11749,1.13447
608,2015-05-07,1.13473,1.13918,1.12371,1.12657
609,2015-05-08,1.12654,1.12876,1.11789,1.12085
610,2015-05-11,1.12,1.12053,1.11305,1.11542
611,2015-05-12,1.11544,1.1278,1.11337,1.12127
612,2015-05-13,1.12127,1.13821,1.12019,1.13542
613,2015-05-14,1.13535,1.14442,1.13402,1.14095
614,2015-05-15,1.14094,1.14661,1.13233,1.14466
615,2015-05-18,1.14485,1.14485,1.12979,1.1314
616,2015-05-19,1.13146,1.13256,1.11184,1.1149
617,2015-05-20,1.11506,1.11514,1.10616,1.10932
618,2015-05-21,1.10917,1.11807,1.1078999999999999,1.11113
619,2015-05-22,1.11113,1.12069,1.10016,1.10141
620,2015-05-25,1.10052,1.10089,1.09584,1.09769
621,2015-05-26,1.09764,1.09806,1.08626,1.08723
622,2015-05-27,1.08718,1.09284,1.08185,1.09034
623,2015-05-28,1.09035,1.09579,1.08681,1.09473
624,2015-05-29,1.09471,1.10053,1.09251,1.09895
625,2015-06-01,1.09835,1.09876,1.08865,1.0925799999999999
626,2015-06-02,1.09257,1.11927,1.09152,1.11501
627,2015-06-03,1.11499,1.12843,1.10811,1.12737
628,2015-06-04,1.12736,1.1379299999999999,1.12219,1.12372
629,2015-06-05,1.1237,1.12793,1.10489,1.11163
630,2015-06-08,1.11018,1.13063,1.10837,1.12908
631,2015-06-09,1.12902,1.13446,1.12136,1.12817
632,2015-06-10,1.12796,1.13855,1.12599,1.1323
633,2015-06-11,1.13232,1.13306,1.11816,1.1256599999999999
634,2015-06-12,1.12567,1.12961,1.11509,1.12621
635,2015-06-15,1.12133,1.12938,1.11893,1.1282
636,2015-06-16,1.1283,1.13292,1.12044,1.12467
637,2015-06-17,1.12467,1.13574,1.12057,1.13365
638,2015-06-18,1.13365,1.1436,1.13297,1.13595
639,2015-06-19,1.13575,1.13962,1.12915,1.13483
640,2015-06-22,1.1374,1.14097,1.1311499999999999,1.13396
641,2015-06-23,1.13398,1.13469,1.11347,1.11674
642,2015-06-24,1.11663,1.12344,1.11539,1.12033
643,2015-06-25,1.12056,1.12273,1.11534,1.12035
644,2015-06-26,1.12023,1.12194,1.11297,1.11713
645,2015-06-29,1.10047,1.12776,1.09538,1.1235
646,2015-06-30,1.12346,1.12437,1.11123,1.11453
647,2015-07-01,1.1138,1.11708,1.10425,1.10518
648,2015-07-02,1.10525,1.11209,1.1031900000000001,1.10826
649,2015-07-03,1.10835,1.11175,1.10643,1.11038
650,2015-07-06,1.09794,1.1095,1.09688,1.10551
651,2015-07-07,1.10551,1.10581,1.09158,1.10103
652,2015-07-08,1.10104,1.10925,1.09734,1.10756
653,2015-07-09,1.10754,1.11245,1.0991,1.10353
654,2015-07-10,1.10353,1.12153,1.103,1.11541
655,2015-07-13,1.10993,1.11963,1.09948,1.10001
656,2015-07-14,1.10001,1.10808,1.09649,1.10082
657,2015-07-15,1.10082,1.10349,1.09293,1.09477
658,2015-07-16,1.09483,1.0962,1.08549,1.0873
659,2015-07-17,1.08731,1.09063,1.08281,1.08299
660,2015-07-20,1.08332,1.08695,1.08078,1.08245
661,2015-07-21,1.08243,1.0969,1.08109,1.09324
662,2015-07-22,1.09341,1.09662,1.08691,1.09278
663,2015-07-23,1.09234,1.1018,1.09213,1.09826
664,2015-07-24,1.098,1.09955,1.09251,1.09762
665,2015-07-27,1.09759,1.11292,1.09687,1.10866
666,2015-07-28,1.10871,1.10995,1.10219,1.10592
667,2015-07-29,1.10588,1.10837,1.09667,1.09821
668,2015-07-30,1.09809,1.0989,1.08931,1.09313
669,2015-07-31,1.09304,1.11139,1.09208,1.09831
670,2015-08-03,1.09711,1.09957,1.0941,1.09503
671,2015-08-04,1.09493,1.09873,1.08786,1.08809
672,2015-08-05,1.08783,1.0937000000000001,1.08477,1.09052
673,2015-08-06,1.09041,1.09433,1.08733,1.09235
674,2015-08-07,1.09216,1.0977999999999999,1.08548,1.0964
675,2015-08-10,1.09623,1.10411,1.0925,1.10154
676,2015-08-11,1.10167,1.1088,1.09602,1.1037
677,2015-08-12,1.1039,1.12137,1.1024,1.11553
678,2015-08-13,1.11563,1.11885,1.10796,1.11476
679,2015-08-14,1.1146,1.11885,1.10976,1.111
680,2015-08-17,1.1114,1.11245,1.10584,1.10728
681,2015-08-18,1.10738,1.10935,1.10171,1.10228
682,2015-08-19,1.10238,1.11342,1.10174,1.1116
683,2015-08-20,1.11154,1.1244399999999999,1.11067,1.12375
684,2015-08-21,1.12372,1.13884,1.12289,1.13865
685,2015-08-24,1.13742,1.17138,1.13679,1.16129
686,2015-08-25,1.16168,1.16214,1.13961,1.15127
687,2015-08-26,1.15155,1.15612,1.12912,1.1311499999999999
688,2015-08-27,1.13072,1.13642,1.12028,1.12393
689,2015-08-28,1.12428,1.13094,1.11559,1.11803
690,2015-08-31,1.11767,1.1262,1.11692,1.1209
691,2015-09-01,1.12079,1.13318,1.12077,1.13133
692,2015-09-02,1.13127,1.13193,1.12162,1.12258
693,2015-09-03,1.12252,1.1243,1.10869,1.11222
694,2015-09-04,1.11206,1.11894,1.10897,1.11469
695,2015-09-07,1.11571,1.11774,1.1121,1.11684
696,2015-09-08,1.1166800000000001,1.12292,1.11522,1.12012
697,2015-09-09,1.11981,1.1216,1.11313,1.1206
698,2015-09-10,1.1202,1.1295,1.11715,1.12776
699,2015-09-11,1.12755,1.13493,1.12538,1.13395
700,2015-09-14,1.1329799999999999,1.13729,1.12832,1.1315
701,2015-09-15,1.13145,1.13284,1.1258,1.12687
702,2015-09-16,1.1268,1.13204,1.12138,1.1289
703,2015-09-17,1.12885,1.14408,1.12842,1.14336
704,2015-09-18,1.14333,1.146,1.12691,1.12985
705,2015-09-21,1.12823,1.1329799999999999,1.11809,1.11888
706,2015-09-22,1.11886,1.12072,1.1113,1.11236
707,2015-09-23,1.11229,1.1213,1.11049,1.11844
708,2015-09-24,1.11843,1.1295600000000001,1.11641,1.12321
709,2015-09-25,1.1228,1.1228,1.11159,1.11994
710,2015-09-28,1.1191,1.12474,1.11463,1.12436
711,2015-09-29,1.12441,1.1280999999999999,1.11935,1.12478
712,2015-09-30,1.12469,1.1261,1.11569,1.11763
713,2015-10-01,1.11748,1.1209,1.11347,1.11939
714,2015-10-02,1.11931,1.13181,1.11501,1.1209500000000001
715,2015-10-05,1.12202,1.1289,1.11731,1.11871
716,2015-10-06,1.11854,1.12792,1.11717,1.12704
717,2015-10-07,1.12706,1.1284,1.12112,1.12368
718,2015-10-08,1.12353,1.13265,1.12341,1.12756
719,2015-10-09,1.12748,1.13869,1.12667,1.13569
720,2015-10-12,1.13588,1.1396600000000001,1.13547,1.13578
721,2015-10-13,1.13571,1.14108,1.13438,1.13782
722,2015-10-14,1.13773,1.14889,1.13768,1.1473
723,2015-10-15,1.14723,1.1494900000000001,1.13629,1.13803
724,2015-10-16,1.13819,1.13945,1.13339,1.13474
725,2015-10-19,1.13546,1.13788,1.1305399999999999,1.13269
726,2015-10-20,1.13268,1.13868,1.1323699999999999,1.13453
727,2015-10-21,1.1343,1.13772,1.13342,1.13382
728,2015-10-22,1.13372,1.13507,1.10998,1.11087
729,2015-10-23,1.11055,1.11394,1.0996299999999999,1.10169
730,2015-10-26,1.10071,1.10682,1.10035,1.10529
731,2015-10-27,1.10524,1.1078000000000001,1.103,1.10462
732,2015-10-28,1.10454,1.10955,1.08966,1.09267
733,2015-10-29,1.09268,1.09862,1.09026,1.0985800000000001
734,2015-10-30,1.0985800000000001,1.10723,1.09653,1.1005
735,2015-11-02,1.10266,1.10527,1.09998,1.1015
736,2015-11-03,1.10139,1.10298,1.09357,1.09627
737,2015-11-04,1.09626,1.0967500000000001,1.08439,1.08653
738,2015-11-05,1.08628,1.08972,1.08333,1.08828
739,2015-11-06,1.08825,1.08935,1.0707,1.0739
740,2015-11-09,1.07283,1.07896,1.07191,1.0749900000000001
741,2015-11-10,1.075,1.07637,1.0674,1.07227
742,2015-11-11,1.07214,1.07733,1.07054,1.07417
743,2015-11-12,1.07432,1.08301,1.06906,1.0812
744,2015-11-13,1.08103,1.08167,1.07137,1.07668
745,2015-11-16,1.07366,1.07578,1.06744,1.06847
746,2015-11-17,1.0677,1.06904,1.06305,1.0643
747,2015-11-18,1.06413,1.06922,1.06166,1.06583
748,2015-11-19,1.06574,1.07628,1.06549,1.07338
749,2015-11-20,1.07322,1.07382,1.06397,1.06451
750,2015-11-23,1.06372,1.06565,1.05922,1.06354
751,2015-11-24,1.06355,1.0673300000000001,1.06193,1.06426
752,2015-11-25,1.0642800000000001,1.0689,1.05657,1.06238
753,2015-11-26,1.06228,1.0627,1.05996,1.06102
754,2015-11-27,1.06101,1.06376,1.05682,1.05938
755,2015-11-30,1.05887,1.05947,1.05576,1.05643
756,2015-12-01,1.05639,1.06369,1.05629,1.06324
757,2015-12-02,1.0634,1.06355,1.05505,1.06135
758,2015-12-03,1.06121,1.09807,1.05222,1.09385
759,2015-12-04,1.09408,1.09559,1.08357,1.08779
760,2015-12-07,1.08681,1.08872,1.07958,1.08366
761,2015-12-08,1.08348,1.09021,1.08299,1.0892
762,2015-12-09,1.08895,1.10427,1.08789,1.10244
763,2015-12-10,1.10214,1.10242,1.09247,1.09401
764,2015-12-11,1.09395,1.10305,1.09263,1.09894
765,2015-12-14,1.09801,1.10483,1.09452,1.09922
766,2015-12-15,1.09905,1.10593,1.09044,1.09285
767,2015-12-16,1.09289,1.10116,1.08878,1.09104
768,2015-12-17,1.09097,1.09138,1.08023,1.08245
769,2015-12-18,1.08242,1.08742,1.08047,1.08613
770,2015-12-21,1.08511,1.09387,1.08457,1.09139
771,2015-12-22,1.09133,1.09839,1.09021,1.09568
772,2015-12-23,1.09506,1.09568,1.08696,1.09099
773,2015-12-24,1.09087,1.09673,1.09023,1.09542
774,2015-12-28,1.0944099999999999,1.09922,1.0944099999999999,1.09681
775,2015-12-29,1.09641,1.09914,1.08988,1.0918
776,2015-12-30,1.09214,1.09434,1.0901399999999999,1.09312
777,2015-12-31,1.09303,1.09368,1.08526,1.08609
778,2016-01-04,1.08696,1.09462,1.07808,1.08319
779,2016-01-05,1.08274,1.08386,1.07104,1.07463
780,2016-01-06,1.07464,1.07992,1.07127,1.07796
781,2016-01-07,1.07789,1.09399,1.07707,1.09287
782,2016-01-08,1.09243,1.09331,1.08028,1.09245
783,2016-01-11,1.09171,1.09697,1.08476,1.08581
784,2016-01-12,1.08568,1.08999,1.08193,1.0857
785,2016-01-13,1.08579,1.0887,1.08046,1.08757
786,2016-01-14,1.08739,1.09429,1.08342,1.08634
787,2016-01-15,1.08647,1.09844,1.0854300000000001,1.09132
788,2016-01-18,1.09206,1.09273,1.08684,1.08941
789,2016-01-19,1.08894,1.09389,1.08591,1.09065
790,2016-01-20,1.09051,1.09757,1.08769,1.08883
791,2016-01-21,1.08876,1.09208,1.0777,1.0872600000000001
792,2016-01-22,1.08727,1.08763,1.07888,1.07965
793,2016-01-25,1.07886,1.08566,1.07886,1.08475
794,2016-01-26,1.08474,1.0874,1.08185,1.08683
795,2016-01-27,1.08685,1.09163,1.08503,1.0892
796,2016-01-28,1.08925,1.09674,1.08694,1.0939
797,2016-01-29,1.09384,1.09483,1.08096,1.083
798,2016-02-01,1.08297,1.09125,1.08142,1.08873
799,2016-02-02,1.08873,1.09397,1.08819,1.09177
800,2016-02-03,1.09158,1.11452,1.09034,1.11017
801,2016-02-04,1.11016,1.12387,1.10693,1.12067
802,2016-02-05,1.12053,1.12468,1.11084,1.11578
803,2016-02-08,1.11415,1.12155,1.10862,1.1191200000000001
804,2016-02-09,1.1191,1.13378,1.1162,1.1294
805,2016-02-10,1.12903,1.13111,1.11602,1.12889
806,2016-02-11,1.12899,1.13761,1.12736,1.13218
807,2016-02-12,1.1322,1.13337,1.12138,1.12503
808,2016-02-15,1.12336,1.1249500000000001,1.11276,1.11531
809,2016-02-16,1.1153,1.11928,1.11239,1.11423
810,2016-02-17,1.1142,1.11788,1.11057,1.11267
811,2016-02-18,1.11262,1.11493,1.10707,1.11058
812,2016-02-19,1.11063,1.1139000000000001,1.10664,1.11279
813,2016-02-22,1.11111,1.11244,1.10028,1.10281
814,2016-02-23,1.10273,1.10524,1.09898,1.1018
815,2016-02-24,1.10173,1.10459,1.09571,1.10116
816,2016-02-25,1.10137,1.10496,1.09865,1.10168
817,2016-02-26,1.10168,1.10679,1.09114,1.09289
818,2016-02-29,1.0913,1.09625,1.08589,1.08718
819,2016-03-01,1.08751,1.08932,1.08338,1.08656
820,2016-03-02,1.08644,1.08807,1.08251,1.08672
821,2016-03-03,1.08676,1.09725,1.08533,1.09556
822,2016-03-04,1.09556,1.1043,1.09027,1.10064
823,2016-03-07,1.09879,1.10255,1.09397,1.10121
824,2016-03-08,1.10127,1.10575,1.09933,1.10096
825,2016-03-09,1.10095,1.10345,1.09457,1.09981
826,2016-03-10,1.09973,1.12177,1.08219,1.11759
827,2016-03-11,1.11759,1.12093,1.10801,1.11462
828,2016-03-14,1.11444,1.11759,1.10775,1.11012
829,2016-03-15,1.11012,1.11248,1.10715,1.11048
830,2016-03-16,1.11049,1.1242,1.10575,1.1212
831,2016-03-17,1.12123,1.13422,1.12048,1.13151
832,2016-03-18,1.1313900000000001,1.13365,1.12558,1.1268799999999999
833,2016-03-21,1.12682,1.1284399999999999,1.12344,1.12386
834,2016-03-22,1.12386,1.12596,1.11881,1.1215
835,2016-03-23,1.12151,1.12231,1.11628,1.11796
836,2016-03-24,1.11802,1.11874,1.11439,1.11786
837,2016-03-25,1.11786,1.11789,1.11536,1.11613
838,2016-03-28,1.11599,1.12197,1.11527,1.11952
839,2016-03-29,1.1193,1.13032,1.11687,1.12893
840,2016-03-30,1.12896,1.13652,1.12831,1.13387
841,2016-03-31,1.1335899999999999,1.14115,1.13098,1.13788
842,2016-04-01,1.13777,1.14377,1.13344,1.13897
843,2016-04-04,1.13994,1.14123,1.1357,1.13888
844,2016-04-05,1.13863,1.14049,1.1335600000000001,1.13826
845,2016-04-06,1.13826,1.14317,1.13262,1.13979
846,2016-04-07,1.13975,1.14538,1.13373,1.13767
847,2016-04-08,1.13751,1.1419,1.1348799999999999,1.13949
848,2016-04-11,1.14138,1.1447,1.13721,1.14097
849,2016-04-12,1.14052,1.14645,1.13458,1.13835
850,2016-04-13,1.13827,1.13909,1.1268,1.12723
851,2016-04-14,1.12728,1.12945,1.12335,1.12663
852,2016-04-15,1.12616,1.13167,1.12453,1.12827
853,2016-04-18,1.12998,1.13317,1.12734,1.13119
854,2016-04-19,1.13091,1.13842,1.1303,1.13575
855,2016-04-20,1.1356600000000001,1.13876,1.12901,1.12952
856,2016-04-21,1.12952,1.13985,1.12696,1.1286
857,2016-04-22,1.12859,1.13084,1.12154,1.12154
858,2016-04-25,1.12167,1.12779,1.12145,1.1266
859,2016-04-26,1.1266,1.13394,1.12559,1.1295
860,2016-04-27,1.12948,1.13611,1.12713,1.13191
861,2016-04-28,1.13199,1.13676,1.1296,1.13509
862,2016-04-29,1.13509,1.1459,1.1347,1.14504
863,2016-05-02,1.14582,1.15354,1.14479,1.15331
864,2016-05-03,1.15331,1.16159,1.14947,1.1494900000000001
865,2016-05-04,1.1496,1.15292,1.14659,1.14855
866,2016-05-05,1.14829,1.14934,1.13856,1.14048
867,2016-05-06,1.1404,1.14796,1.13863,1.14009
868,2016-05-09,1.13939,1.14194,1.1375,1.13806
869,2016-05-10,1.13814,1.14096,1.13583,1.13717
870,2016-05-11,1.13691,1.14462,1.13686,1.14251
871,2016-05-12,1.14242,1.14288,1.13702,1.13766
872,2016-05-13,1.13736,1.13795,1.12825,1.1308799999999999
873,2016-05-16,1.13098,1.1342,1.13019,1.13193
874,2016-05-17,1.13198,1.13482,1.13013,1.13118
875,2016-05-18,1.13111,1.13159,1.1214,1.12158
876,2016-05-19,1.12144,1.12297,1.11796,1.12019
877,2016-05-20,1.12016,1.1237,1.1196,1.1221700000000001
878,2016-05-23,1.12033,1.12426,1.11873,1.1219
879,2016-05-24,1.12187,1.12267,1.11321,1.11393
880,2016-05-25,1.11398,1.11666,1.11285,1.11539
881,2016-05-26,1.11536,1.12164,1.11492,1.11927
882,2016-05-27,1.11918,1.12004,1.11107,1.1113
883,2016-05-30,1.11125,1.11443,1.10977,1.1138
884,2016-05-31,1.11362,1.11731,1.11219,1.11303
885,2016-06-01,1.11301,1.11937,1.11138,1.11869
886,2016-06-02,1.11865,1.12198,1.11449,1.1151
887,2016-06-03,1.11499,1.1373199999999999,1.10707,1.13662
888,2016-06-06,1.13542,1.13923,1.13262,1.13528
889,2016-06-07,1.13528,1.13801,1.1338300000000001,1.13555
890,2016-06-08,1.13563,1.14103,1.13541,1.13938
891,2016-06-09,1.13936,1.14151,1.13052,1.13129
892,2016-06-10,1.1313,1.1320999999999999,1.1245,1.12533
893,2016-06-13,1.12478,1.1302699999999999,1.12316,1.12893
894,2016-06-14,1.1289,1.1298,1.11886,1.12056
895,2016-06-15,1.12068,1.12982,1.11894,1.12602
896,2016-06-16,1.1258,1.12946,1.11307,1.1223
897,2016-06-17,1.12231,1.12961,1.12225,1.12752
898,2016-06-20,1.13308,1.13821,1.13018,1.13121
899,2016-06-21,1.13093,1.13492,1.12428,1.12439
900,2016-06-22,1.12421,1.13372,1.12362,1.12947
901,2016-06-23,1.12937,1.14208,1.1293,1.13791
902,2016-06-24,1.1384,1.14278,1.09113,1.1091199999999999
903,2016-06-27,1.1002399999999999,1.10833,1.09705,1.10237
904,2016-06-28,1.10235,1.11112,1.10098,1.10647
905,2016-06-29,1.10641,1.113,1.10489,1.11235
906,2016-06-30,1.1117,1.11541,1.10238,1.11048
907,2016-07-01,1.11014,1.11689,1.10716,1.11361
908,2016-07-04,1.11245,1.11591,1.10975,1.11532
909,2016-07-05,1.11528,1.11862,1.10619,1.1075
910,2016-07-06,1.10709,1.11112,1.10288,1.10989
911,2016-07-07,1.10969,1.11069,1.10522,1.10601
912,2016-07-08,1.10601,1.11198,1.10016,1.10497
913,2016-07-11,1.10448,1.10743,1.10153,1.10568
914,2016-07-12,1.10556,1.1126,1.10517,1.10604
915,2016-07-13,1.10595,1.11195,1.10418,1.10883
916,2016-07-14,1.10877,1.11644,1.1085,1.11191
917,2016-07-15,1.11173,1.11486,1.1024,1.10244
918,2016-07-18,1.10497,1.10839,1.10372,1.10748
919,2016-07-19,1.10735,1.10801,1.09996,1.10189
920,2016-07-20,1.10187,1.10298,1.0981,1.10129
921,2016-07-21,1.10122,1.106,1.09793,1.10237
922,2016-07-22,1.10229,1.10406,1.09551,1.09747
923,2016-07-25,1.09725,1.09986,1.09516,1.09942
924,2016-07-26,1.09927,1.10294,1.09778,1.09855
925,2016-07-27,1.09821,1.10647,1.09314,1.10583
926,2016-07-28,1.1057,1.11191,1.10519,1.10757
927,2016-07-29,1.10763,1.11972,1.1072,1.11743
928,2016-08-01,1.11715,1.11831,1.11548,1.11614
929,2016-08-02,1.11602,1.12334,1.11573,1.12209
930,2016-08-03,1.12202,1.12265,1.11403,1.11474
931,2016-08-04,1.11478,1.11561,1.11135,1.11282
932,2016-08-05,1.11252,1.11608,1.10453,1.10867
933,2016-08-08,1.10795,1.11046,1.10716,1.10878
934,2016-08-09,1.10855,1.11221,1.107,1.11169
935,2016-08-10,1.11151,1.11898,1.11114,1.11744
936,2016-08-11,1.11744,1.11909,1.11349,1.11354
937,2016-08-12,1.11356,1.12209,1.11309,1.11634
938,2016-08-15,1.11659,1.12032,1.1153,1.11825
939,2016-08-16,1.1182,1.13221,1.1177,1.12772
940,2016-08-17,1.1277300000000001,1.13155,1.12403,1.12874
941,2016-08-18,1.12837,1.1366100000000001,1.12837,1.13536
942,2016-08-19,1.13521,1.13591,1.13037,1.1323699999999999
943,2016-08-22,1.13087,1.13302,1.12707,1.1319
944,2016-08-23,1.1318,1.13548,1.13028,1.13041
945,2016-08-24,1.13039,1.13111,1.12448,1.12628
946,2016-08-25,1.12625,1.1297,1.12588,1.12833
947,2016-08-26,1.1278299999999999,1.13406,1.11806,1.11856
948,2016-08-29,1.11823,1.12074,1.11575,1.11889
949,2016-08-30,1.11873,1.1192,1.11317,1.11418
950,2016-08-31,1.114,1.1165,1.11227,1.11571
951,2016-09-01,1.11562,1.12048,1.11272,1.11957
952,2016-09-02,1.11927,1.12518,1.11449,1.11449
953,2016-09-05,1.11564,1.11819,1.11393,1.11458
954,2016-09-06,1.11456,1.1262699999999999,1.11404,1.12555
955,2016-09-07,1.12516,1.12706,1.12283,1.12385
956,2016-09-08,1.12384,1.13266,1.1234,1.12607
957,2016-09-09,1.12596,1.12849,1.11981,1.12235
958,2016-09-12,1.12304,1.1268,1.121,1.12349
959,2016-09-13,1.12331,1.12601,1.12036,1.12182
960,2016-09-14,1.1218,1.12737,1.12097,1.1249500000000001
961,2016-09-15,1.12488,1.12833,1.12187,1.12435
962,2016-09-16,1.12422,1.12497,1.11492,1.11535
963,2016-09-19,1.11531,1.11975,1.11505,1.11731
964,2016-09-20,1.1172900000000001,1.12131,1.1149499999999999,1.11501
965,2016-09-21,1.11486,1.11962,1.11228,1.11878
966,2016-09-22,1.11865,1.12569,1.11844,1.12068
967,2016-09-23,1.12068,1.12403,1.11935,1.12149
968,2016-09-26,1.1229,1.12788,1.12204,1.12524
969,2016-09-27,1.12533,1.12586,1.11906,1.12137
970,2016-09-28,1.12152,1.12365,1.11814,1.12163
971,2016-09-29,1.1216,1.12496,1.11965,1.1221
972,2016-09-30,1.12212,1.12503,1.11531,1.12399
973,2016-10-03,1.12262,1.12439,1.12049,1.12096
974,2016-10-04,1.12101,1.12384,1.11376,1.12042
975,2016-10-05,1.12015,1.1233,1.11894,1.12031
976,2016-10-06,1.1203,1.12121,1.11395,1.11493
977,2016-10-07,1.11481,1.12048,1.1104,1.11931
978,2016-10-10,1.1181,1.12028,1.11309,1.1139000000000001
979,2016-10-11,1.11346,1.11419,1.10486,1.1053
980,2016-10-12,1.1053,1.10673,1.10041,1.10046
981,2016-10-13,1.10063,1.10573,1.09851,1.10547
982,2016-10-14,1.10543,1.10582,1.09699,1.09711
983,2016-10-17,1.09689,1.10076,1.09635,1.09985
984,2016-10-18,1.09994,1.10262,1.09697,1.09794
985,2016-10-19,1.09783,1.10044,1.09547,1.09735
986,2016-10-20,1.0972,1.10388,1.09154,1.09285
987,2016-10-21,1.09281,1.09293,1.0859,1.0873599999999999
988,2016-10-24,1.08801,1.08993,1.08592,1.08812
989,2016-10-25,1.088,1.09045,1.08507,1.0888
990,2016-10-26,1.08863,1.09462,1.0874,1.09069
991,2016-10-27,1.09068,1.09418,1.08821,1.08945
992,2016-10-28,1.0896,1.09915,1.08926,1.09745
993,2016-10-31,1.0984099999999999,1.09907,1.09355,1.09762
994,2016-11-01,1.09761,1.10686,1.0959699999999999,1.10564
995,2016-11-02,1.10571,1.11228,1.10493,1.10946
996,2016-11-03,1.1095,1.11255,1.10595,1.1105
997,2016-11-04,1.11052,1.11405,1.10795,1.11375
998,2016-11-07,1.10616,1.11099,1.1027,1.10395
999,2016-11-08,1.10396,1.10667,1.10083,1.10257
1000,2016-11-09,1.10238,1.12991,1.09066,1.09077
1001,2016-11-10,1.09083,1.09533,1.08645,1.08907
1002,2016-11-11,1.08932,1.09229,1.08301,1.08503
1003,2016-11-14,1.08316,1.08403,1.07087,1.07358
1004,2016-11-15,1.07357,1.08161,1.07138,1.07215
1005,2016-11-16,1.07205,1.07592,1.06656,1.06898
1006,2016-11-17,1.0689899999999999,1.07453,1.06197,1.06241
1007,2016-11-18,1.06216,1.06425,1.05687,1.05826
1008,2016-11-21,1.05915,1.06488,1.05785,1.06264
1009,2016-11-22,1.06256,1.06575,1.05835,1.06243
1010,2016-11-23,1.0622,1.06433,1.05258,1.05516
1011,2016-11-24,1.05485,1.05849,1.05176,1.05517
1012,2016-11-25,1.05462,1.0627,1.05291,1.05772
1013,2016-11-28,1.06079,1.06854,1.05632,1.06122
1014,2016-11-29,1.06116,1.06542,1.05645,1.06487
1015,2016-11-30,1.0647199999999999,1.06662,1.05521,1.0587
1016,2016-12-01,1.05891,1.06683,1.05842,1.06596
1017,2016-12-02,1.06581,1.06896,1.06248,1.06538
1018,2016-12-05,1.06171,1.07959,1.05044,1.07631
1019,2016-12-06,1.07617,1.0785,1.06979,1.07177
1020,2016-12-07,1.07153,1.07679,1.07095,1.07513
1021,2016-12-08,1.07521,1.08734,1.05968,1.06121
1022,2016-12-09,1.06117,1.06293,1.05306,1.05515
1023,2016-12-12,1.05326,1.06513,1.0525,1.06336
1024,2016-12-13,1.06333,1.06667,1.06034,1.06244
1025,2016-12-14,1.06233,1.06698,1.04955,1.0534
1026,2016-12-15,1.05308,1.05389,1.0366,1.04126
1027,2016-12-16,1.04107,1.04738,1.04003,1.04401
1028,2016-12-19,1.0437400000000001,1.04791,1.03922,1.0401
1029,2016-12-20,1.03998,1.04175,1.03519,1.03867
1030,2016-12-21,1.03846,1.04509,1.03819,1.04228
1031,2016-12-22,1.0422,1.04989,1.04213,1.04355
1032,2016-12-23,1.04326,1.047,1.04262,1.047
1033,2016-12-26,1.04607,1.04668,1.03249,1.04491
1034,2016-12-27,1.04493,1.0463,1.04319,1.04566
1035,2016-12-28,1.04546,1.04795,1.03717,1.04102
1036,2016-12-29,1.04162,1.04936,1.04079,1.04892
1037,2016-12-30,1.04844,1.06522,1.04827,1.05068
1038,2017-01-02,1.051,1.05275,1.0448,1.04519
1039,2017-01-03,1.04524,1.04898,1.03399,1.04044
1040,2017-01-04,1.04044,1.04996,1.03895,1.04871
1041,2017-01-05,1.04871,1.06149,1.04804,1.06055
1042,2017-01-06,1.06005,1.06207,1.05235,1.05235
1043,2017-01-09,1.05292,1.05826,1.05104,1.0572300000000001
1044,2017-01-10,1.05718,1.06268,1.05506,1.05534
1045,2017-01-11,1.0553,1.06226,1.04534,1.05818
1046,2017-01-12,1.05818,1.06844,1.0571,1.06109
1047,2017-01-13,1.06104,1.0673,1.05959,1.0642
1048,2017-01-16,1.06023,1.06355,1.05789,1.05946
1049,2017-01-17,1.05946,1.0719,1.05893,1.0712
1050,2017-01-18,1.07111,1.0715,1.06278,1.06286
1051,2017-01-19,1.06288,1.06763,1.05888,1.06627
1052,2017-01-20,1.0661,1.0709,1.06248,1.06982
1053,2017-01-23,1.07004,1.07688,1.0693,1.07631
1054,2017-01-24,1.07643,1.07745,1.07199,1.0731
1055,2017-01-25,1.07288,1.07694,1.07109,1.07465
1056,2017-01-26,1.07477,1.07653,1.06572,1.0681
1057,2017-01-27,1.0679400000000001,1.07247,1.06579,1.06968
1058,2017-01-30,1.07023,1.07399,1.062,1.0692
1059,2017-01-31,1.06921,1.0812,1.06843,1.07968
1060,2017-02-01,1.07958,1.0807,1.07298,1.07675
1061,2017-02-02,1.07668,1.08284,1.07556,1.07569
1062,2017-02-03,1.0757,1.07973,1.07106,1.07789
1063,2017-02-06,1.0784799999999999,1.07906,1.07053,1.07488
1064,2017-02-07,1.07392,1.07492,1.06558,1.0682
1065,2017-02-08,1.06795,1.07138,1.06402,1.06969
1066,2017-02-09,1.06971,1.07092,1.06505,1.06541
1067,2017-02-10,1.06552,1.06674,1.06072,1.0637699999999999
1068,2017-02-13,1.06276,1.06581,1.05917,1.05972
1069,2017-02-14,1.05948,1.06331,1.05607,1.05764
1070,2017-02-15,1.05738,1.0609,1.0521,1.05991
1071,2017-02-16,1.0598,1.0679,1.0590600000000001,1.06727
1072,2017-02-17,1.06725,1.06762,1.06051,1.06056
1073,2017-02-20,1.06069,1.06326,1.06029,1.06103
1074,2017-02-21,1.06099,1.06149,1.05255,1.05349
1075,2017-02-22,1.05345,1.05737,1.04933,1.05573
1076,2017-02-23,1.05526,1.05949,1.05373,1.05804
1077,2017-02-24,1.05778,1.06176,1.05513,1.05513
1078,2017-02-27,1.05622,1.06304,1.05511,1.05851
1079,2017-02-28,1.05851,1.06298,1.0568,1.05757
1080,2017-03-01,1.05731,1.0589,1.05138,1.05459
1081,2017-03-02,1.05457,1.05512,1.04946,1.05059
1082,2017-03-03,1.05058,1.06236,1.05015,1.06166
1083,2017-03-06,1.06033,1.06397,1.05745,1.05803
1084,2017-03-07,1.05806,1.06022,1.0558,1.05655
1085,2017-03-08,1.05635,1.05738,1.05345,1.05392
1086,2017-03-09,1.05392,1.06151,1.05247,1.05756
1087,2017-03-10,1.05737,1.06988,1.05721,1.06712
1088,2017-03-13,1.06832,1.07141,1.06519,1.06535
1089,2017-03-14,1.0653299999999999,1.06624,1.05995,1.06077
1090,2017-03-15,1.06077,1.07397,1.06042,1.0735999999999999
1091,2017-03-16,1.07359,1.07738,1.07053,1.07715
1092,2017-03-17,1.07715,1.07821,1.07272,1.07362
1093,2017-03-20,1.07384,1.0777,1.07249,1.07363
1094,2017-03-21,1.07363,1.0819,1.07189,1.0806
1095,2017-03-22,1.08061,1.08245,1.07755,1.07919
1096,2017-03-23,1.07919,1.08047,1.07677,1.07822
1097,2017-03-24,1.07821,1.08178,1.076,1.07957
1098,2017-03-27,1.08316,1.09057,1.08266,1.08638
1099,2017-03-28,1.08637,1.08723,1.07985,1.08123
1100,2017-03-29,1.08117,1.08263,1.07396,1.0764
1101,2017-03-30,1.07647,1.07695,1.06717,1.0674
1102,2017-03-31,1.06742,1.07017,1.06462,1.06462
1103,2017-04-03,1.06591,1.06807,1.06421,1.06683
1104,2017-04-04,1.0669,1.0677,1.06354,1.0672
1105,2017-04-05,1.0671,1.06887,1.06345,1.06624
1106,2017-04-06,1.0661100000000001,1.0683799999999999,1.06287,1.06434
1107,2017-04-07,1.06425,1.06664,1.05804,1.05884
1108,2017-04-10,1.05876,1.06066,1.05698,1.05953
1109,2017-04-11,1.05948,1.063,1.05786,1.06046
1110,2017-04-12,1.06043,1.06751,1.05887,1.06658
1111,2017-04-13,1.06622,1.06776,1.06091,1.06131
1112,2017-04-14,1.0613,1.063,1.06058,1.06101
1113,2017-04-17,1.06109,1.06706,1.0602800000000001,1.06432
1114,2017-04-18,1.06437,1.07361,1.0637,1.07302
1115,2017-04-19,1.07307,1.07371,1.06995,1.07105
1116,2017-04-20,1.07105,1.07773,1.0709,1.07153
1117,2017-04-21,1.07151,1.07378,1.0682,1.0723799999999999
1118,2017-04-24,1.08976,1.08993,1.08209,1.08654
1119,2017-04-25,1.08647,1.09501,1.08511,1.09283
1120,2017-04-26,1.09274,1.09506,1.08554,1.09035
1121,2017-04-27,1.09024,1.09325,1.08514,1.08714
1122,2017-04-28,1.08702,1.09471,1.08567,1.08979
1123,2017-05-01,1.09101,1.09241,1.08842,1.08992
1124,2017-05-02,1.0898,1.09332,1.08883,1.09321
1125,2017-05-03,1.09288,1.0937000000000001,1.08825,1.08839
1126,2017-05-04,1.0884,1.09873,1.0875,1.09838
1127,2017-05-05,1.09843,1.09997,1.09475,1.09994
1128,2017-05-08,1.10187,1.10217,1.09163,1.09223
1129,2017-05-09,1.09233,1.09336,1.08634,1.0874
1130,2017-05-10,1.08723,1.08982,1.08532,1.0867499999999999
1131,2017-05-11,1.08671,1.0893,1.08391,1.08606
1132,2017-05-12,1.08607,1.09343,1.08557,1.09315
1133,2017-05-15,1.093,1.09896,1.09226,1.09752
1134,2017-05-16,1.09751,1.1097299999999999,1.09728,1.10825
1135,2017-05-17,1.10817,1.11623,1.10796,1.11605
1136,2017-05-18,1.11578,1.1172,1.10758,1.1103
1137,2017-05-19,1.11013,1.1212,1.10959,1.12075
1138,2017-05-22,1.11928,1.12635,1.11615,1.12374
1139,2017-05-23,1.12372,1.12684,1.1175,1.11816
1140,2017-05-24,1.11821,1.1219999999999999,1.11684,1.12182
1141,2017-05-25,1.12182,1.12502,1.11936,1.12107
1142,2017-05-26,1.121,1.12346,1.11606,1.11777
1143,2017-05-29,1.11688,1.11899,1.11618,1.11627
1144,2017-05-30,1.11623,1.12055,1.1109499999999999,1.1185
1145,2017-05-31,1.11842,1.12522,1.11645,1.12425
1146,2017-06-01,1.12436,1.12568,1.12022,1.12122
1147,2017-06-02,1.12121,1.12851,1.1205,1.12798
1148,2017-06-05,1.12704,1.12841,1.12343,1.12539
1149,2017-06-06,1.12542,1.12841,1.12404,1.12771
1150,2017-06-07,1.12765,1.12826,1.1204,1.12563
1151,2017-06-08,1.12552,1.12692,1.11946,1.12125
1152,2017-06-09,1.12122,1.12371,1.11664,1.11965
1153,2017-06-12,1.12065,1.1232199999999999,1.1192,1.12044
1154,2017-06-13,1.12005,1.1225,1.11853,1.12105
1155,2017-06-14,1.12107,1.1296,1.11931,1.12183
1156,2017-06-15,1.12176,1.12286,1.11321,1.1145
1157,2017-06-16,1.11442,1.12016,1.11386,1.11943
1158,2017-06-19,1.1206,1.12129,1.11432,1.11481
1159,2017-06-20,1.11486,1.11652,1.1118999999999999,1.1134
1160,2017-06-21,1.11337,1.1169,1.11274,1.11686
1161,2017-06-22,1.1167799999999999,1.1178,1.11395,1.11513
1162,2017-06-23,1.1151,1.1209,1.11453,1.11923
1163,2017-06-26,1.11969,1.12199,1.11717,1.11815
1164,2017-06-27,1.11792,1.13494,1.11789,1.13379
1165,2017-06-28,1.13368,1.13908,1.12917,1.13764
1166,2017-06-29,1.13775,1.14455,1.13744,1.14398
1167,2017-06-30,1.1439300000000001,1.1445400000000001,1.13922,1.14195
1168,2017-07-03,1.14164,1.14267,1.13552,1.13641
1169,2017-07-04,1.1363699999999999,1.1377,1.13362,1.13447
1170,2017-07-05,1.13402,1.13686,1.13126,1.13514
1171,2017-07-06,1.13489,1.14249,1.13299,1.14233
1172,2017-07-07,1.14214,1.14398,1.13797,1.1400000000000001
1173,2017-07-10,1.13954,1.14182,1.13818,1.13992
1174,2017-07-11,1.13995,1.14798,1.13829,1.14667
1175,2017-07-12,1.14661,1.14895,1.13916,1.14117
1176,2017-07-13,1.14115,1.1456,1.13706,1.13972
1177,2017-07-14,1.13973,1.14718,1.1391499999999999,1.14668
1178,2017-07-17,1.1473,1.1487,1.14349,1.14783
1179,2017-07-18,1.14781,1.15831,1.14715,1.1553200000000001
1180,2017-07-19,1.15541,1.15568,1.15097,1.15154
1181,2017-07-20,1.15149,1.16583,1.14794,1.16311
1182,2017-07-21,1.16285,1.16828,1.16191,1.1662
1183,2017-07-24,1.16624,1.16843,1.16257,1.16405
1184,2017-07-25,1.16402,1.17123,1.16308,1.1647
1185,2017-07-26,1.16461,1.17401,1.16125,1.1733
1186,2017-07-27,1.17329,1.17767,1.16501,1.16757
1187,2017-07-28,1.16749,1.1764000000000001,1.16712,1.17485
1188,2017-07-31,1.1746,1.18457,1.17232,1.18404
1189,2017-08-01,1.18408,1.18442,1.1785,1.18022
1190,2017-08-02,1.18011,1.19102,1.17937,1.18559
1191,2017-08-03,1.18556,1.18931,1.18306,1.18685
1192,2017-08-04,1.18676,1.18893,1.17282,1.1771099999999999
1193,2017-08-07,1.17727,1.18142,1.17704,1.17956
1194,2017-08-08,1.17953,1.18239,1.17154,1.17537
1195,2017-08-09,1.17508,1.17638,1.1689,1.17582
1196,2017-08-10,1.17591,1.17854,1.17043,1.17729
1197,2017-08-11,1.1771099999999999,1.18473,1.17487,1.18214
1198,2017-08-14,1.18199,1.18384,1.17698,1.17805
1199,2017-08-15,1.17778,1.17927,1.16872,1.1734499999999999
1200,2017-08-16,1.1734,1.17787,1.16811,1.1767
1201,2017-08-17,1.17668,1.179,1.16622,1.17234
1202,2017-08-18,1.17226,1.17746,1.17085,1.17594
1203,2017-08-21,1.17556,1.18282,1.17311,1.18148
1204,2017-08-22,1.18133,1.18244,1.17451,1.17617
1205,2017-08-23,1.1761300000000001,1.18232,1.17403,1.18064
1206,2017-08-24,1.18068,1.18178,1.17842,1.1798899999999999
1207,2017-08-25,1.17986,1.19417,1.17734,1.1921
1208,2017-08-28,1.19397,1.19838,1.1917,1.19788
1209,2017-08-29,1.19785,1.2070400000000001,1.19464,1.19729
1210,2017-08-30,1.19721,1.19845,1.1880600000000001,1.18841
1211,2017-08-31,1.18836,1.19126,1.18231,1.19086
1212,2017-09-01,1.19093,1.198,1.18495,1.18622
1213,2017-09-04,1.18835,1.19221,1.18735,1.18929
1214,2017-09-05,1.18885,1.19409,1.18683,1.19128
1215,2017-09-06,1.1911100000000001,1.19504,1.19029,1.1917
1216,2017-09-07,1.19169,1.20597,1.19136,1.20209
1217,2017-09-08,1.20187,1.20924,1.20148,1.2031
1218,2017-09-11,1.2015500000000001,1.20296,1.19478,1.19529
1219,2017-09-12,1.19516,1.19782,1.19262,1.19664
1220,2017-09-13,1.19665,1.1994799999999999,1.1873,1.18858
1221,2017-09-14,1.18852,1.19224,1.18376,1.19184
1222,2017-09-15,1.1918199999999999,1.19872,1.19009,1.19457
1223,2017-09-18,1.19205,1.1969400000000001,1.19149,1.19542
1224,2017-09-19,1.19489,1.20066,1.19489,1.19945
1225,2017-09-20,1.19942,1.20343,1.18613,1.18945
1226,2017-09-21,1.18906,1.19538,1.1865700000000001,1.19411
1227,2017-09-22,1.19413,1.20047,1.19364,1.19467
1228,2017-09-25,1.18977,1.19366,1.1832,1.18493
1229,2017-09-26,1.18483,1.18616,1.17574,1.17934
1230,2017-09-27,1.1792,1.17953,1.1717,1.17447
1231,2017-09-28,1.17445,1.1804000000000001,1.17212,1.17866
1232,2017-09-29,1.1785700000000001,1.18325,1.17725,1.1811
1233,2017-10-02,1.17882,1.18151,1.17301,1.17322
1234,2017-10-03,1.17322,1.17736,1.16963,1.17448
1235,2017-10-04,1.17441,1.17876,1.17351,1.176
1236,2017-10-05,1.17586,1.17789,1.1699,1.17097
1237,2017-10-06,1.17108,1.17388,1.16693,1.17347
1238,2017-10-09,1.17276,1.17561,1.17195,1.17412
1239,2017-10-10,1.17389,1.18254,1.17389,1.1808
1240,2017-10-11,1.18073,1.1869,1.1795200000000001,1.18612
1241,2017-10-12,1.18576,1.18798,1.18269,1.18303
1242,2017-10-13,1.18295,1.1875,1.18053,1.18214
1243,2017-10-16,1.18104,1.1819600000000001,1.17804,1.17962
1244,2017-10-17,1.17954,1.17998,1.17361,1.17664
1245,2017-10-18,1.17658,1.18054,1.17301,1.17872
1246,2017-10-19,1.17874,1.18582,1.17678,1.18515
1247,2017-10-20,1.18498,1.1858,1.17624,1.17789
1248,2017-10-23,1.17645,1.17774,1.17249,1.17492
1249,2017-10-24,1.1749100000000001,1.17929,1.17428,1.17603
1250,2017-10-25,1.17616,1.18178,1.1753,1.18128
1251,2017-10-26,1.18127,1.18368,1.16404,1.16526
1252,2017-10-27,1.16499,1.16573,1.1574200000000001,1.16074
1253,2017-10-30,1.1605699999999999,1.1657899999999999,1.15938,1.16513
1254,2017-10-31,1.16506,1.16615,1.16251,1.1645699999999999
1255,2017-11-01,1.1646,1.16574,1.16064,1.1617899999999999
1256,2017-11-02,1.16173,1.1687400000000001,1.1613,1.16583
1257,2017-11-03,1.16582,1.16912,1.15992,1.16094
1258,2017-11-06,1.16139,1.1623999999999999,1.15804,1.16095
1259,2017-11-07,1.16073,1.16155,1.1554,1.15868
1260,2017-11-08,1.15854,1.16112,1.15792,1.15938
1261,2017-11-09,1.15942,1.1655,1.15856,1.1641
1262,2017-11-10,1.16416,1.1678,1.16229,1.16637
1263,2017-11-13,1.16561,1.1675200000000001,1.16374,1.16667
1264,2017-11-14,1.16668,1.1804999999999999,1.16615,1.17978
1265,2017-11-15,1.17975,1.18607,1.17847,1.1791
1266,2017-11-16,1.17901,1.1801,1.17566,1.17681
1267,2017-11-17,1.17687,1.18218,1.17653,1.17895
1268,2017-11-20,1.17847,1.18087,1.1722299999999999,1.17319
1269,2017-11-21,1.17323,1.17578,1.1713,1.17386
1270,2017-11-22,1.17374,1.18272,1.17321,1.1822300000000001
1271,2017-11-23,1.18214,1.18561,1.18132,1.18497
1272,2017-11-24,1.18473,1.19445,1.18368,1.19319
1273,2017-11-27,1.19234,1.19612,1.18956,1.1898
1274,2017-11-28,1.18971,1.192,1.1827,1.18409
1275,2017-11-29,1.18366,1.18828,1.18165,1.18475
1276,2017-11-30,1.18459,1.19315,1.18089,1.19036
1277,2017-12-01,1.19027,1.19403,1.18508,1.18988
1278,2017-12-04,1.1859899999999999,1.18787,1.18292,1.1865700000000001
1279,2017-12-05,1.18642,1.18766,1.18008,1.18259
1280,2017-12-06,1.18249,1.18482,1.17807,1.17957
1281,2017-12-07,1.17948,1.18147,1.17718,1.17723
1282,2017-12-08,1.17718,1.17766,1.17302,1.17726
1283,2017-12-11,1.17615,1.18119,1.17615,1.1769
1284,2017-12-12,1.17678,1.17927,1.17176,1.17413
1285,2017-12-13,1.17409,1.18316,1.17295,1.18261
1286,2017-12-14,1.18249,1.18625,1.17708,1.17764
1287,2017-12-15,1.17769,1.18125,1.17498,1.17499
1288,2017-12-18,1.17421,1.18344,1.17376,1.17817
1289,2017-12-19,1.17811,1.18488,1.17764,1.1840600000000001
1290,2017-12-20,1.18382,1.19018,1.18288,1.18714
1291,2017-12-21,1.18698,1.18896,1.18492,1.18742
1292,2017-12-22,1.18724,1.1875499999999999,1.18171,1.18611
1293,2017-12-26,1.18643,1.18788,1.18466,1.18583
1294,2017-12-27,1.1858,1.19103,1.1855,1.18894
1295,2017-12-28,1.18862,1.1959,1.18862,1.1942599999999999
1296,2017-12-29,1.19418,1.20255,1.19361,1.19957
1297,2018-01-02,1.20096,1.20813,1.20011,1.20586
1298,2018-01-03,1.20578,1.20662,1.20012,1.20144
1299,2018-01-04,1.20142,1.2089,1.20044,1.2067700000000001
1300,2018-01-05,1.20672,1.20827,1.20206,1.2029
1301,2018-01-08,1.20235,1.20523,1.19558,1.19675
1302,2018-01-09,1.19662,1.19756,1.19156,1.19362
1303,2018-01-10,1.19359,1.20182,1.19231,1.19477
1304,2018-01-11,1.19464,1.2059,1.19293,1.20322
1305,2018-01-12,1.20307,1.22186,1.20307,1.2195
1306,2018-01-15,1.21923,1.22966,1.21876,1.22654
1307,2018-01-16,1.2262,1.22834,1.21952,1.22602
1308,2018-01-17,1.22589,1.23231,1.21771,1.21844
1309,2018-01-18,1.21844,1.22652,1.21651,1.22391
1310,2018-01-19,1.22366,1.22956,1.2215,1.22191
1311,2018-01-22,1.22695,1.22722,1.22139,1.22618
1312,2018-01-23,1.2260900000000001,1.2306300000000001,1.22231,1.22981
1313,2018-01-24,1.22978,1.2415,1.2291,1.24071
1314,2018-01-25,1.24069,1.25378,1.23639,1.23973
1315,2018-01-26,1.2392,1.24938,1.23699,1.24288
1316,2018-01-29,1.2423,1.24323,1.23368,1.23832
1317,2018-01-30,1.23811,1.2454,1.23349,1.24019
1318,2018-01-31,1.24009,1.24748,1.23867,1.24136
1319,2018-02-01,1.24131,1.25228,1.23852,1.2506
1320,2018-02-02,1.25072,1.25182,1.24092,1.24559
1321,2018-02-05,1.2431,1.2475,1.23626,1.23664
1322,2018-02-06,1.23657,1.24348,1.2314,1.23764
1323,2018-02-07,1.23755,1.24062,1.22459,1.2264599999999999
1324,2018-02-08,1.22621,1.2295099999999999,1.22122,1.22465
1325,2018-02-09,1.22456,1.22873,1.22056,1.22518
1326,2018-02-12,1.22482,1.22974,1.22351,1.22912
1327,2018-02-13,1.229,1.23712,1.22846,1.23514
1328,2018-02-14,1.23496,1.24652,1.2275800000000001,1.24502
1329,2018-02-15,1.24489,1.25104,1.24479,1.25071
1330,2018-02-16,1.25045,1.25556,1.2393399999999999,1.24103
1331,2018-02-19,1.24016,1.24352,1.23691,1.24069
1332,2018-02-20,1.24062,1.24124,1.23198,1.23371
1333,2018-02-21,1.23365,1.23601,1.2281,1.22827
1334,2018-02-22,1.22818,1.23522,1.22594,1.23314
1335,2018-02-23,1.23291,1.23373,1.22799,1.22952
1336,2018-02-26,1.22936,1.23553,1.22778,1.23174
1337,2018-02-27,1.23163,1.23466,1.22216,1.22332
1338,2018-02-28,1.22318,1.22418,1.21879,1.21938
1339,2018-03-01,1.21924,1.22733,1.21546,1.22677
1340,2018-03-02,1.22649,1.2336,1.22515,1.23203
1341,2018-03-05,1.23274,1.23644,1.2269,1.23362
1342,2018-03-06,1.23348,1.24204,1.23281,1.24051
1343,2018-03-07,1.24028,1.24453,1.23849,1.24108
1344,2018-03-08,1.24101,1.24464,1.2298,1.23117
1345,2018-03-09,1.23103,1.23344,1.22732,1.23051
1346,2018-03-12,1.23092,1.23456,1.22904,1.23353
1347,2018-03-13,1.23322,1.24075,1.23145,1.23908
1348,2018-03-14,1.23896,1.24127,1.23472,1.23676
1349,2018-03-15,1.2366,1.23837,1.2300200000000001,1.23043
1350,2018-03-16,1.23035,1.23362,1.22601,1.22871
1351,2018-03-19,1.22805,1.23588,1.2258,1.23345
1352,2018-03-20,1.2334,1.23548,1.22397,1.22408
1353,2018-03-21,1.22411,1.23499,1.22403,1.23386
1354,2018-03-22,1.2337,1.23886,1.22854,1.23005
1355,2018-03-23,1.23013,1.23736,1.22973,1.23526
1356,2018-03-26,1.2347,1.24616,1.2347,1.24486
1357,2018-03-27,1.24426,1.24766,1.23723,1.2402199999999999
1358,2018-03-28,1.24016,1.24217,1.23001,1.23084
1359,2018-03-29,1.23069,1.23359,1.2284,1.23006
1360,2018-03-30,1.22992,1.23306,1.22898,1.23242
1361,2018-04-02,1.23205,1.23451,1.22814,1.23018
1362,2018-04-03,1.23004,1.23362,1.22537,1.2269
1363,2018-04-04,1.22687,1.23148,1.2257,1.22785
1364,2018-04-05,1.2278,1.22903,1.22184,1.22394
1365,2018-04-06,1.22389,1.22908,1.22149,1.22812
1366,2018-04-09,1.2284,1.23308,1.22603,1.23209
1367,2018-04-10,1.23193,1.23777,1.23028,1.2355
1368,2018-04-11,1.23546,1.23963,1.2347,1.23672
1369,2018-04-12,1.23658,1.23798,1.22993,1.23257
1370,2018-04-13,1.2325,1.2346,1.2307,1.23303
1371,2018-04-16,1.233,1.23946,1.2322,1.23793
1372,2018-04-17,1.23793,1.24138,1.23362,1.23693
1373,2018-04-18,1.23682,1.23973,1.23416,1.2375099999999999
1374,2018-04-19,1.23727,1.24003,1.23291,1.23451
1375,2018-04-20,1.23442,1.2353,1.22498,1.22874
1376,2018-04-23,1.227,1.22894,1.21975,1.22075
1377,2018-04-24,1.22085,1.2245,1.21818,1.2233
1378,2018-04-25,1.22314,1.22387,1.21606,1.2161
1379,2018-04-26,1.21594,1.22099,1.20963,1.21027
1380,2018-04-27,1.21023,1.21329,1.20554,1.21301
1381,2018-04-30,1.21225,1.21389,1.20644,1.20803
1382,2018-05-01,1.20763,1.20842,1.19812,1.1992
1383,2018-05-02,1.19917,1.20318,1.19379,1.19499
1384,2018-05-03,1.19503,1.20089,1.19478,1.19884
1385,2018-05-04,1.19871,1.19954,1.19108,1.19627
1386,2018-05-07,1.19515,1.1978,1.18976,1.19231
1387,2018-05-08,1.19219,1.1938900000000001,1.18381,1.18634
1388,2018-05-09,1.18635,1.18971,1.18226,1.18512
1389,2018-05-10,1.18499,1.19468,1.18429,1.19158
1390,2018-05-11,1.19143,1.19679,1.18913,1.19391
1391,2018-05-14,1.1938,1.19962,1.19264,1.19268
1392,2018-05-15,1.1926,1.19385,1.18202,1.18373
1393,2018-05-16,1.18372,1.18542,1.17632,1.18079
1394,2018-05-17,1.18062,1.18375,1.17764,1.17944
1395,2018-05-18,1.17927,1.18222,1.17498,1.17698
1396,2018-05-21,1.17678,1.17957,1.17166,1.17908
1397,2018-05-22,1.17909,1.18298,1.17565,1.1778
1398,2018-05-23,1.17774,1.17896,1.16758,1.16966
1399,2018-05-24,1.16948,1.17503,1.1690800000000001,1.172
1400,2018-05-25,1.17191,1.17336,1.16456,1.16504
1401,2018-05-28,1.16848,1.1728399999999999,1.16074,1.16242
1402,2018-05-29,1.16234,1.16398,1.15101,1.15374
1403,2018-05-30,1.1539,1.16763,1.15186,1.1663999999999999
1404,2018-05-31,1.16622,1.17244,1.16412,1.16927
1405,2018-06-01,1.169,1.17182,1.16171,1.166
1406,2018-06-04,1.1656,1.17446,1.1656,1.16958
1407,2018-06-05,1.16971,1.17322,1.16525,1.17178
1408,2018-06-06,1.17164,1.17957,1.17105,1.17746
1409,2018-06-07,1.17734,1.184,1.17726,1.17988
1410,2018-06-08,1.17977,1.18103,1.17272,1.17689
1411,2018-06-11,1.1774,1.18207,1.1771099999999999,1.17854
1412,2018-06-12,1.17823,1.18091,1.17333,1.17445
1413,2018-06-13,1.17442,1.18011,1.17254,1.17923
1414,2018-06-14,1.17905,1.18516,1.15627,1.15658
1415,2018-06-15,1.15649,1.16271,1.15433,1.16073
1416,2018-06-18,1.15862,1.16243,1.1565400000000001,1.16226
1417,2018-06-19,1.16221,1.16446,1.15306,1.15899
1418,2018-06-20,1.1587399999999999,1.16001,1.15369,1.15751
1419,2018-06-21,1.15701,1.16336,1.1508099999999999,1.16027
1420,2018-06-22,1.15976,1.16751,1.15976,1.1656900000000001
1421,2018-06-25,1.1662,1.17131,1.16285,1.17033
1422,2018-06-26,1.17024,1.17204,1.16349,1.16482
1423,2018-06-27,1.16459,1.16724,1.15406,1.15544
1424,2018-06-28,1.15518,1.16008,1.15273,1.15686
1425,2018-06-29,1.1567,1.16904,1.1558,1.1685
1426,2018-07-02,1.1673,1.1688399999999999,1.15914,1.16388
1427,2018-07-03,1.16387,1.16732,1.16205,1.16588
1428,2018-07-04,1.16588,1.16819,1.16307,1.16564
1429,2018-07-05,1.16554,1.17204,1.165,1.1692
1430,2018-07-06,1.16894,1.17678,1.168,1.17431
1431,2018-07-09,1.1751,1.17907,1.17326,1.17499
1432,2018-07-10,1.17492,1.17627,1.16903,1.17448
1433,2018-07-11,1.17442,1.17584,1.16653,1.16745
1434,2018-07-12,1.16715,1.16956,1.16496,1.1670099999999999
1435,2018-07-13,1.16699,1.16867,1.1613,1.16862
1436,2018-07-16,1.16871,1.17255,1.16757,1.17111
1437,2018-07-17,1.1710099999999999,1.17448,1.16493,1.16611
1438,2018-07-18,1.16594,1.1665,1.16021,1.16397
1439,2018-07-19,1.16379,1.16785,1.1575,1.16421
1440,2018-07-20,1.16405,1.1739,1.16262,1.17212
1441,2018-07-23,1.17249,1.17514,1.16836,1.16914
1442,2018-07-24,1.16909,1.17169,1.16546,1.16816
1443,2018-07-25,1.16822,1.17387,1.1663999999999999,1.1728399999999999
1444,2018-07-26,1.17276,1.17438,1.16402,1.16429
1445,2018-07-27,1.16426,1.16644,1.16202,1.16575
1446,2018-07-30,1.1657,1.1718899999999999,1.1648100000000001,1.17054
1447,2018-07-31,1.17033,1.1746,1.1683,1.169
1448,2018-08-01,1.16901,1.16998,1.16573,1.1660300000000001
1449,2018-08-02,1.16587,1.16676,1.15817,1.1584699999999999
1450,2018-08-03,1.15839,1.16106,1.15602,1.15667
1451,2018-08-06,1.15668,1.15705,1.153,1.15527
1452,2018-08-07,1.1553200000000001,1.16082,1.1549,1.15985
1453,2018-08-08,1.15979,1.16284,1.15732,1.16096
1454,2018-08-09,1.16098,1.16194,1.15256,1.15271
1455,2018-08-10,1.15257,1.15365,1.1388,1.14093
1456,2018-08-13,1.13709,1.1433,1.13649,1.14091
1457,2018-08-14,1.14097,1.14295,1.13302,1.13432
1458,2018-08-15,1.13431,1.13552,1.1301,1.13455
1459,2018-08-16,1.1345399999999999,1.14092,1.13358,1.13762
1460,2018-08-17,1.1375899999999999,1.1445,1.13665,1.14386
1461,2018-08-20,1.14373,1.1485,1.13944,1.14832
1462,2018-08-21,1.14802,1.16012,1.14786,1.15712
1463,2018-08-22,1.15703,1.1623,1.1553200000000001,1.15964
1464,2018-08-23,1.15955,1.15995,1.15298,1.15422
1465,2018-08-24,1.15353,1.16399,1.15348,1.16215
1466,2018-08-27,1.1614,1.16937,1.15946,1.16784
1467,2018-08-28,1.16772,1.17336,1.16626,1.16943
1468,2018-08-29,1.16934,1.171,1.16519,1.1706699999999999
1469,2018-08-30,1.17059,1.17183,1.16417,1.16673
1470,2018-08-31,1.16707,1.16902,1.15846,1.1606
1471,2018-09-03,1.1595,1.16279,1.1589,1.1617
1472,2018-09-04,1.16165,1.16193,1.15301,1.15825
1473,2018-09-05,1.15795,1.16404,1.15427,1.16302
1474,2018-09-06,1.16288,1.16593,1.16054,1.16241
1475,2018-09-07,1.16216,1.16494,1.15506,1.15523
1476,2018-09-10,1.1548,1.16165,1.15258,1.15947
1477,2018-09-11,1.15901,1.16443,1.15656,1.1604700000000001
1478,2018-09-12,1.16038,1.16498,1.15702,1.1626400000000001
1479,2018-09-13,1.16249,1.17012,1.16092,1.16905
1480,2018-09-14,1.16894,1.17217,1.16207,1.1622
1481,2018-09-17,1.1623,1.16981,1.1617899999999999,1.16836
1482,2018-09-18,1.16818,1.17244,1.16522,1.16662
1483,2018-09-19,1.16622,1.17149,1.16499,1.16732
1484,2018-09-20,1.16714,1.17845,1.16689,1.17774
1485,2018-09-21,1.17766,1.18027,1.17327,1.1754
1486,2018-09-24,1.17417,1.18152,1.17242,1.17461
1487,2018-09-25,1.17474,1.1792799999999999,1.17309,1.17663
1488,2018-09-26,1.17657,1.1798,1.1726,1.1740599999999999
1489,2018-09-27,1.17359,1.17571,1.1639,1.1642000000000001
1490,2018-09-28,1.16402,1.16513,1.15698,1.16027
1491,2018-10-01,1.1616900000000001,1.16248,1.15636,1.15785
1492,2018-10-02,1.15779,1.15802,1.15052,1.15463
1493,2018-10-03,1.15449,1.15938,1.14643,1.14784
1494,2018-10-04,1.14765,1.15428,1.14634,1.1514
1495,2018-10-05,1.1513200000000001,1.15497,1.1484,1.15191
1496,2018-10-08,1.1521,1.15296,1.14598,1.14914
1497,2018-10-09,1.14904,1.15035,1.14323,1.14923
1498,2018-10-10,1.1488800000000001,1.15454,1.14799,1.15182
1499,2018-10-11,1.15185,1.15993,1.15182,1.15934
1500,2018-10-12,1.15932,1.16105,1.1534200000000001,1.15576
1501,2018-10-15,1.1537,1.16063,1.1537,1.15786
1502,2018-10-16,1.15793,1.16216,1.15661,1.15738
1503,2018-10-17,1.15729,1.15804,1.14959,1.15002
1504,2018-10-18,1.14996,1.15274,1.14492,1.14512
1505,2018-10-19,1.14528,1.15348,1.1433,1.15146
1506,2018-10-22,1.1515,1.15502,1.1455899999999999,1.14645
1507,2018-10-23,1.1464,1.14937,1.1439300000000001,1.14704
1508,2018-10-24,1.14701,1.14767,1.13787,1.13925
1509,2018-10-25,1.13914,1.14326,1.13562,1.13734
1510,2018-10-26,1.13742,1.14211,1.13357,1.14023
1511,2018-10-29,1.13918,1.14165,1.13607,1.13726
1512,2018-10-30,1.1372,1.13879,1.13406,1.1345
1513,2018-10-31,1.13431,1.13602,1.13022,1.13136
1514,2018-11-01,1.13108,1.14242,1.13072,1.1408800000000001
1515,2018-11-02,1.14079,1.1455899999999999,1.13723,1.13867
1516,2018-11-05,1.13869,1.1424,1.13533,1.14075
1517,2018-11-06,1.1406399999999999,1.14378,1.13914,1.14266
1518,2018-11-07,1.14258,1.14996,1.13945,1.14255
1519,2018-11-08,1.14253,1.14469,1.1351499999999999,1.13638
1520,2018-11-09,1.1363,1.13689,1.13162,1.13344
1521,2018-11-12,1.13178,1.13307,1.12155,1.12174
1522,2018-11-13,1.12167,1.12937,1.12163,1.12908
1523,2018-11-14,1.12888,1.13475,1.12632,1.13094
1524,2018-11-15,1.13074,1.13626,1.12706,1.13304
1525,2018-11-16,1.13245,1.14201,1.13215,1.14171
1526,2018-11-19,1.14128,1.14645,1.13939,1.14534
1527,2018-11-20,1.1451500000000001,1.14724,1.13588,1.13704
1528,2018-11-21,1.13691,1.14248,1.13636,1.13855
1529,2018-11-22,1.13795,1.1434,1.13795,1.1404
1530,2018-11-23,1.13998,1.14213,1.13273,1.1332
1531,2018-11-26,1.13399,1.13838,1.1325,1.13272
1532,2018-11-27,1.13268,1.13437,1.12775,1.12914
1533,2018-11-28,1.12851,1.13876,1.12672,1.13662
1534,2018-11-29,1.13658,1.14017,1.1348799999999999,1.13934
1535,2018-11-30,1.13927,1.14004,1.13055,1.13197
1536,2018-12-03,1.13491,1.13798,1.13195,1.1353900000000001
1537,2018-12-04,1.1352,1.14188,1.13186,1.1342
1538,2018-12-05,1.13406,1.13614,1.13105,1.13446
1539,2018-12-06,1.1344400000000001,1.14126,1.13211,1.13776
1540,2018-12-07,1.13725,1.14236,1.13603,1.14012
1541,2018-12-10,1.13903,1.1443,1.1350500000000001,1.13553
1542,2018-12-11,1.13541,1.14004,1.13063,1.13184
1543,2018-12-12,1.1315,1.13873,1.1315,1.13689
1544,2018-12-13,1.13678,1.13933,1.13312,1.13581
1545,2018-12-14,1.13602,1.1365,1.12699,1.13033
1546,2018-12-17,1.13068,1.13578,1.13029,1.13474
1547,2018-12-18,1.13469,1.14024,1.13367,1.13633
1548,2018-12-19,1.1359,1.14394,1.13589,1.1376
1549,2018-12-20,1.13736,1.14859,1.13693,1.14456
1550,2018-12-21,1.14449,1.1474199999999999,1.13559,1.13675
1551,2018-12-24,1.13693,1.14385,1.13604,1.14078
1552,2018-12-26,1.13858,1.14199,1.13429,1.1353900000000001
1553,2018-12-27,1.13504,1.14541,1.13504,1.14313
1554,2018-12-28,1.14287,1.14728,1.14234,1.14405
1555,2018-12-31,1.14328,1.1466,1.14213,1.14448
1556,2019-01-02,1.1463,1.14967,1.13251,1.13435
1557,2019-01-03,1.13419,1.14112,1.12982,1.1394199999999999
1558,2019-01-04,1.13921,1.14192,1.13458,1.13972
1559,2019-01-07,1.13948,1.1482700000000001,1.13946,1.14741
1560,2019-01-08,1.1474199999999999,1.14846,1.14222,1.14413
1561,2019-01-09,1.14409,1.15575,1.14368,1.1543
1562,2019-01-10,1.15423,1.15698,1.14845,1.15003
1563,2019-01-11,1.14994,1.15404,1.14581,1.14644
1564,2019-01-14,1.14578,1.1482,1.14506,1.14689
1565,2019-01-15,1.14682,1.14897,1.13819,1.14124
1566,2019-01-16,1.14126,1.14248,1.13777,1.13913
1567,2019-01-17,1.13918,1.1406,1.137,1.13884
1568,2019-01-18,1.13874,1.14102,1.13532,1.13634
1569,2019-01-21,1.1360000000000001,1.13914,1.13569,1.13667
1570,2019-01-22,1.13659,1.13741,1.13362,1.13597
1571,2019-01-23,1.13588,1.13945,1.13506,1.13804
1572,2019-01-24,1.13811,1.13914,1.12894,1.13074
1573,2019-01-25,1.13037,1.14176,1.12998,1.14055
1574,2019-01-28,1.1400299999999999,1.1443699999999999,1.13901,1.14257
1575,2019-01-29,1.1427,1.14502,1.14112,1.14319
1576,2019-01-30,1.14322,1.15017,1.1406100000000001,1.1479300000000001
1577,2019-01-31,1.14791,1.1514199999999999,1.14357,1.14475
1578,2019-02-01,1.14458,1.14886,1.14343,1.14534
1579,2019-02-04,1.14507,1.14604,1.1424400000000001,1.14357
1580,2019-02-05,1.14346,1.14405,1.14012,1.14047
1581,2019-02-06,1.14049,1.14095,1.13608,1.13616
1582,2019-02-07,1.13616,1.13684,1.13246,1.13378
1583,2019-02-08,1.13379,1.13509,1.13212,1.1323400000000001
1584,2019-02-11,1.13188,1.13299,1.12673,1.12748
1585,2019-02-12,1.12754,1.13398,1.12576,1.13269
1586,2019-02-13,1.13252,1.13415,1.12603,1.12612
1587,2019-02-14,1.1259000000000001,1.13099,1.1249,1.12955
1588,2019-02-15,1.12947,1.13062,1.12341,1.1292200000000001
1589,2019-02-18,1.12918,1.1334,1.12888,1.13107
1590,2019-02-19,1.13077,1.1357599999999999,1.12756,1.13403
1591,2019-02-20,1.13394,1.13712,1.1325,1.1337
1592,2019-02-21,1.13357,1.13664,1.13204,1.13327
1593,2019-02-22,1.13341,1.13558,1.13162,1.1332
1594,2019-02-25,1.13338,1.13674,1.13278,1.13569
1595,2019-02-26,1.13571,1.1402700000000001,1.13452,1.13889
1596,2019-02-27,1.1388099999999999,1.14036,1.13623,1.13694
1597,2019-02-28,1.1369,1.14196,1.13594,1.13703
1598,2019-03-01,1.13699,1.14086,1.13533,1.13623
1599,2019-03-04,1.13823,1.13823,1.13091,1.13398
1600,2019-03-05,1.1339299999999999,1.13409,1.12896,1.1307
1601,2019-03-06,1.13076,1.13246,1.12856,1.13063
1602,2019-03-07,1.1306,1.13203,1.11762,1.11937
1603,2019-03-08,1.11937,1.1246,1.1185100000000001,1.1233
1604,2019-03-11,1.12308,1.12584,1.12219,1.12442
1605,2019-03-12,1.12447,1.1305,1.12445,1.12863
1606,2019-03-13,1.12872,1.13387,1.12775,1.13289
1607,2019-03-14,1.13262,1.13375,1.12942,1.13047
1608,2019-03-15,1.13026,1.1344400000000001,1.12967,1.1325
1609,2019-03-18,1.13202,1.1359,1.1319,1.13397
1610,2019-03-19,1.13334,1.13616,1.13318,1.13512
1611,2019-03-20,1.13512,1.1448,1.13355,1.1412
1612,2019-03-21,1.14131,1.14374,1.13425,1.13752
1613,2019-03-22,1.13733,1.13907,1.12733,1.13003
1614,2019-03-25,1.12885,1.13314,1.12859,1.13126
1615,2019-03-26,1.13119,1.1326,1.12632,1.12658
1616,2019-03-27,1.12655,1.12856,1.12422,1.1244
1617,2019-03-28,1.12436,1.12612,1.12137,1.12238
1618,2019-03-29,1.12178,1.12465,1.12099,1.12172
1619,2019-04-01,1.12248,1.12499,1.1204,1.12121
1620,2019-04-02,1.12125,1.12159,1.11837,1.12043
1621,2019-04-03,1.1204,1.12546,1.12001,1.1233
1622,2019-04-04,1.12318,1.12476,1.1206,1.12203
1623,2019-04-05,1.12193,1.1245,1.12101,1.12158
1624,2019-04-08,1.12141,1.12746,1.12103,1.12592
1625,2019-04-09,1.126,1.12843,1.12551,1.12631
1626,2019-04-10,1.12621,1.12873,1.12297,1.12745
1627,2019-04-11,1.12734,1.12875,1.125,1.12544
1628,2019-04-12,1.1251,1.1324,1.1251,1.12982
1629,2019-04-15,1.13035,1.1320999999999999,1.12976,1.1304
1630,2019-04-16,1.13035,1.1313900000000001,1.12797,1.12806
1631,2019-04-17,1.12797,1.13238,1.12789,1.12989
1632,2019-04-18,1.12938,1.1304,1.12262,1.12299
1633,2019-04-19,1.12283,1.12476,1.1227,1.12409
1634,2019-04-22,1.12398,1.12622,1.12359,1.12572
1635,2019-04-23,1.12568,1.12613,1.11924,1.12275
1636,2019-04-24,1.1226099999999999,1.12263,1.11407,1.11521
1637,2019-04-25,1.1154,1.11626,1.1118,1.11327
1638,2019-04-26,1.11283,1.1174,1.11125,1.11449
1639,2019-04-29,1.11448,1.11868,1.11447,1.11847
1640,2019-04-30,1.11852,1.1229,1.11758,1.12153
1641,2019-05-01,1.12137,1.12646,1.11872,1.11947
1642,2019-05-02,1.11948,1.12191,1.11707,1.11716
1643,2019-05-03,1.11712,1.12048,1.1135,1.12026
1644,2019-05-06,1.11709,1.12092,1.11659,1.11989
1645,2019-05-07,1.11994,1.12178,1.11666,1.11919
1646,2019-05-08,1.11898,1.12138,1.11828,1.1192
1647,2019-05-09,1.11915,1.1251,1.11735,1.12121
1648,2019-05-10,1.12134,1.12536,1.12113,1.1234
1649,2019-05-13,1.12298,1.12636,1.12231,1.12246
1650,2019-05-14,1.12209,1.12441,1.12012,1.1204
1651,2019-05-15,1.12033,1.12248,1.11781,1.12018
1652,2019-05-16,1.12016,1.12241,1.11663,1.11727
1653,2019-05-17,1.11732,1.11844,1.11552,1.11573
1654,2019-05-20,1.11598,1.11748,1.11507,1.11655
1655,2019-05-21,1.11651,1.11881,1.1142,1.11616
1656,2019-05-22,1.11586,1.11802,1.11487,1.11503
1657,2019-05-23,1.11502,1.11875,1.11071,1.1182
1658,2019-05-24,1.11812,1.12122,1.11726,1.12051
1659,2019-05-27,1.1209,1.12151,1.11871,1.11925
1660,2019-05-28,1.11923,1.11985,1.11593,1.11601
1661,2019-05-29,1.11601,1.11725,1.11244,1.1131
1662,2019-05-30,1.11303,1.1143399999999999,1.11161,1.11294
1663,2019-05-31,1.11288,1.11798,1.11252,1.11691
1664,2019-06-03,1.11598,1.1262,1.11598,1.12412
1665,2019-06-04,1.12402,1.1277300000000001,1.12265,1.12518
1666,2019-06-05,1.12513,1.13068,1.12198,1.12203
1667,2019-06-06,1.12204,1.1309,1.12026,1.12754
1668,2019-06-07,1.12752,1.13477,1.12513,1.13326
1669,2019-06-10,1.1322,1.13304,1.12904,1.13117
1670,2019-06-11,1.13112,1.13376,1.13014,1.13257
1671,2019-06-12,1.13256,1.13435,1.12826,1.1287099999999999
1672,2019-06-13,1.12868,1.13038,1.12686,1.12766
1673,2019-06-14,1.12763,1.12892,1.12026,1.12112
1674,2019-06-17,1.12094,1.12471,1.12037,1.12177
1675,2019-06-18,1.12178,1.12428,1.11813,1.11941
1676,2019-06-19,1.11929,1.12543,1.11872,1.12263
1677,2019-06-20,1.1226099999999999,1.13174,1.12257,1.12913
1678,2019-06-21,1.12918,1.13778,1.12831,1.1369
1679,2019-06-24,1.13699,1.14041,1.13658,1.13984
1680,2019-06-25,1.13979,1.1412200000000001,1.13443,1.13668
1681,2019-06-26,1.13662,1.13913,1.13475,1.13685
1682,2019-06-27,1.13679,1.13816,1.13479,1.13693
1683,2019-06-28,1.1369,1.13935,1.13507,1.13697
1684,2019-07-01,1.13595,1.13712,1.12811,1.12851
1685,2019-07-02,1.12849,1.13212,1.12752,1.12862
1686,2019-07-03,1.1284,1.1311499999999999,1.12685,1.12778
1687,2019-07-04,1.12776,1.12951,1.12732,1.12843
1688,2019-07-05,1.12838,1.12877,1.12074,1.12254
1689,2019-07-08,1.12221,1.12344,1.1207,1.12143
1690,2019-07-09,1.1214,1.12188,1.11934,1.12075
1691,2019-07-10,1.12076,1.12644,1.12018,1.12504
1692,2019-07-11,1.12506,1.12858,1.12452,1.12546
1693,2019-07-12,1.12533,1.1274899999999999,1.12382,1.12707
1694,2019-07-15,1.12662,1.12839,1.1253199999999999,1.12578
1695,2019-07-16,1.12574,1.12635,1.12019,1.12094
1696,2019-07-17,1.12098,1.12336,1.11998,1.12251
1697,2019-07-18,1.12239,1.12805,1.12053,1.12772
1698,2019-07-19,1.12766,1.1282,1.1203400000000001,1.12219
1699,2019-07-22,1.12149,1.12254,1.12063,1.12088
1700,2019-07-23,1.12085,1.12096,1.11459,1.11511
1701,2019-07-24,1.11519,1.11559,1.1127,1.11394
1702,2019-07-25,1.11403,1.11878,1.11014,1.11466
1703,2019-07-26,1.1147,1.1151,1.11121,1.11283
1704,2019-07-29,1.11238,1.1151,1.1113,1.11452
1705,2019-07-30,1.11448,1.1161,1.11322,1.11558
1706,2019-07-31,1.1154,1.11622,1.10602,1.10765
1707,2019-08-01,1.10747,1.10959,1.10269,1.10849
1708,2019-08-02,1.10848,1.11164,1.10697,1.11055
1709,2019-08-05,1.11039,1.12132,1.10983,1.12029
1710,2019-08-06,1.1203,1.12497,1.11676,1.1201699999999999
1711,2019-08-07,1.11969,1.12419,1.11792,1.11994
1712,2019-08-08,1.12005,1.12327,1.1177,1.11796
1713,2019-08-09,1.11797,1.12231,1.11783,1.12009
1714,2019-08-12,1.11978,1.12307,1.11621,1.12136
1715,2019-08-13,1.12131,1.12286,1.11701,1.11711
1716,2019-08-14,1.11706,1.11908,1.11306,1.11385
1717,2019-08-15,1.11377,1.11584,1.10914,1.11093
1718,2019-08-16,1.11066,1.11122,1.10663,1.10897
1719,2019-08-19,1.10919,1.11138,1.10762,1.10781
1720,2019-08-20,1.10777,1.11068,1.10657,1.11005
1721,2019-08-21,1.10994,1.11072,1.10807,1.10845
1722,2019-08-22,1.10843,1.11134,1.10637,1.10793
1723,2019-08-23,1.1078999999999999,1.11533,1.10518,1.11427
1724,2019-08-26,1.11498,1.11639,1.10942,1.10993
1725,2019-08-27,1.11009,1.11159,1.10857,1.1090200000000001
1726,2019-08-28,1.10898,1.10979,1.10733,1.10779
1727,2019-08-29,1.10772,1.1093,1.1042,1.10565
1728,2019-08-30,1.10564,1.10604,1.09633,1.09903
1729,2019-09-02,1.09889,1.09967,1.09581,1.09666
1730,2019-09-03,1.09664,1.09789,1.09264,1.09735
1731,2019-09-04,1.0974,1.10386,1.09686,1.10345
1732,2019-09-05,1.10356,1.10848,1.10168,1.10344
1733,2019-09-06,1.10345,1.10574,1.10204,1.10253
1734,2019-09-09,1.10228,1.10681,1.10155,1.10462
1735,2019-09-10,1.10472,1.10596,1.10306,1.10426
1736,2019-09-11,1.10431,1.10556,1.09853,1.10105
1737,2019-09-12,1.10103,1.10873,1.09269,1.10638
1738,2019-09-13,1.10642,1.11096,1.10554,1.1072
1739,2019-09-16,1.10731,1.10865,1.09935,1.1004
1740,2019-09-17,1.09978,1.10746,1.09904,1.10721
1741,2019-09-18,1.10721,1.10757,1.10138,1.10293
1742,2019-09-19,1.10295,1.10736,1.1023,1.10407
1743,2019-09-20,1.10408,1.10677,1.09964,1.10196
1744,2019-09-23,1.10113,1.10254,1.09662,1.0993
1745,2019-09-24,1.09932,1.10241,1.09838,1.10202
1746,2019-09-25,1.10196,1.1023,1.09375,1.09427
1747,2019-09-26,1.09426,1.09674,1.09087,1.09198
1748,2019-09-27,1.09212,1.09587,1.09046,1.09416
1749,2019-09-30,1.09418,1.09478,1.08847,1.08994
1750,2019-10-01,1.08964,1.0943,1.08792,1.0931899999999999
1751,2019-10-02,1.09318,1.09637,1.09042,1.09592
1752,2019-10-03,1.09591,1.09994,1.09411,1.09636
1753,2019-10-04,1.09634,1.09972,1.09569,1.09783
1754,2019-10-07,1.0979700000000001,1.10006,1.0962,1.09705
1755,2019-10-08,1.09702,1.09958,1.0941,1.09558
1756,2019-10-09,1.09565,1.09904,1.09504,1.0971
1757,2019-10-10,1.09709,1.10338,1.09705,1.10058
1758,2019-10-11,1.10054,1.10628,1.10009,1.10353
1759,2019-10-14,1.10315,1.10428,1.10128,1.1026
1760,2019-10-15,1.10271,1.1046,1.09913,1.10323
1761,2019-10-16,1.10328,1.10856,1.10226,1.10719
1762,2019-10-17,1.10715,1.11398,1.10651,1.11243
1763,2019-10-18,1.11238,1.1171,1.11147,1.11682
1764,2019-10-21,1.1160700000000001,1.11795,1.11387,1.11498
1765,2019-10-22,1.11493,1.11568,1.11178,1.11248
1766,2019-10-23,1.11248,1.114,1.11062,1.11302
1767,2019-10-24,1.11305,1.11628,1.10932,1.1105
1768,2019-10-25,1.11038,1.1123,1.10732,1.108
1769,2019-10-28,1.10795,1.11066,1.10756,1.10998
1770,2019-10-29,1.10996,1.11185,1.10736,1.11107
1771,2019-10-30,1.11119,1.11516,1.108,1.11499
1772,2019-10-31,1.115,1.11755,1.11314,1.11515
1773,2019-11-01,1.1151200000000001,1.11718,1.11281,1.11651
1774,2019-11-04,1.1168,1.11755,1.11249,1.11285
1775,2019-11-05,1.11281,1.11403,1.10636,1.10739
1776,2019-11-06,1.10743,1.1093,1.10649,1.10666
1777,2019-11-07,1.10656,1.10917,1.1036,1.1050200000000001
1778,2019-11-08,1.10494,1.10556,1.10168,1.10198
1779,2019-11-11,1.10222,1.1043,1.10164,1.1033
1780,2019-11-12,1.10327,1.10386,1.10025,1.1009
1781,2019-11-13,1.10089,1.10204,1.09954,1.1007
1782,2019-11-14,1.10057,1.10276,1.0989,1.10208
1783,2019-11-15,1.10227,1.10568,1.1014599999999999,1.10524
1784,2019-11-18,1.10477,1.109,1.10477,1.10721
1785,2019-11-19,1.10716,1.1084,1.10628,1.10783
1786,2019-11-20,1.10782,1.10814,1.1053,1.10725
1787,2019-11-21,1.10725,1.1097,1.10523,1.10588
1788,2019-11-22,1.10585,1.10875,1.1014599999999999,1.10196
1789,2019-11-25,1.10161,1.10322,1.10036,1.10117
1790,2019-11-26,1.10135,1.10255,1.1007,1.1022
1791,2019-11-27,1.10198,1.10245,1.09923,1.09988
1792,2019-11-28,1.09992,1.10179,1.09985,1.10073
1793,2019-11-29,1.10073,1.10282,1.09812,1.10183
1794,2019-12-02,1.10227,1.10897,1.1003,1.10784
1795,2019-12-03,1.10787,1.10935,1.1066,1.10818
1796,2019-12-04,1.10812,1.11162,1.1066799999999999,1.10774
1797,2019-12-05,1.10773,1.11082,1.10772,1.1104
1798,2019-12-06,1.11041,1.11097,1.10398,1.10601
1799,2019-12-09,1.10492,1.1078000000000001,1.10492,1.10641
1800,2019-12-10,1.10634,1.10978,1.10629,1.10935
1801,2019-12-11,1.10923,1.11449,1.10704,1.113
1802,2019-12-12,1.11294,1.11543,1.11031,1.1132
1803,2019-12-13,1.11285,1.11992,1.11021,1.11187
1804,2019-12-16,1.11247,1.1158,1.11226,1.1144
1805,2019-12-17,1.1143,1.11746,1.11293,1.11508
1806,2019-12-18,1.11509,1.11542,1.11103,1.11134
1807,2019-12-19,1.11131,1.11443,1.11072,1.11202
1808,2019-12-20,1.11218,1.11248,1.10663,1.10764
1809,2019-12-23,1.10767,1.1096,1.107,1.10895
1810,2019-12-24,1.10887,1.1094,1.10692,1.10863
1811,2019-12-26,1.10875,1.1109,1.10824,1.10969
1812,2019-12-27,1.10975,1.11884,1.10943,1.11763
1813,2019-12-30,1.11709,1.12208,1.11709,1.11991
1814,2019-12-31,1.11981,1.12392,1.11972,1.12233
